TCA,Wins,Matches,RundleQPct,Level,Rundle
6,70,82,0.736,A,"A Alpine"
6,78,114,0.737,A,"A Arcadia"
6,58,60,0.682,A,"A Atlantic"
6,122,168,0.805,A,"A Badlands"
6,104,176,0.794,A,"A Bayou"
6,121,169,0.786,A,"A Cascade"
6,109,161,0.792,A,"A Central"
6,82,101,0.734,A,"A Coastal"
6,133,196,0.807,A,"A Continental"
6,89,119,0.741,A,"A Corridor"
6,97,131,0.765,A,"A Fjord"
6,117,144,0.774,A,"A Frontier"
6,103,129,0.741,A,"A Highland"
6,115,164,0.792,A,"A Horizon"
6,111,156,0.786,A,"A Laguna"
6,85,106,0.744,A,"A Magnolia"
6,119,134,0.764,A,"A Maritime"
6,70,93,0.733,A,"A Memorial"
6,65,80,0.707,A,"A Meridian"
6,73,96,0.708,A,"A Metro"
6,99,135,0.774,A,"A Midland"
6,81,106,0.707,A,"A Morningstar"
6,90,105,0.719,A,"A Pacific"
6,105,148,0.776,A,"A Piedmont"
6,77,96,0.717,A,"A Plaza"
6,52,53,0.676,A,"A Seaboard"
6,100,137,0.762,A,"A Sequoia"
6,63,74,0.703,A,"A Sierra"
6,75,97,0.736,A,"A Skyline"
6,92,128,0.748,A,"A Sugarloaf"
6,106,136,0.756,A,"A Tundra"
6,22,25,0.618,B,"B Alpine"
6,32,37,0.648,B,"B Arcadia"
6,47,52,0.638,B,"B Atlantic"
6,53,61,0.678,B,"B Badlands"
6,58,63,0.673,B,"B Bayou"
6,39,44,0.634,B,"B Cascade"
6,50,62,0.693,B,"B Central"
6,28,30,0.634,B,"B Coastal"
6,43,52,0.664,B,"B Continental"
6,15,17,0.569,B,"B Corridor"
6,40,40,0.634,B,"B Fjord"
6,39,45,0.651,B,"B Frontier"
6,22,22,0.574,B,"B Highland"
6,35,37,0.631,B,"B Horizon"
6,38,47,0.656,B,"B Laguna"
6,84,102,0.737,B,"B Magnolia"
6,35,39,0.630,B,"B Maritime"
6,20,21,0.565,B,"B Memorial"
6,38,43,0.642,B,"B Meridian"
6,17,19,0.557,B,"B Metro"
6,28,30,0.620,B,"B Midland"
6,44,48,0.644,B,"B Morningstar"
6,48,56,0.660,B,"B Pacific"
6,31,33,0.641,B,"B Piedmont"
6,22,22,0.610,B,"B Plaza"
6,18,18,0.562,B,"B Seaboard"
6,42,45,0.612,B,"B Sequoia"
6,31,33,0.614,B,"B Sierra"
6,21,26,0.617,B,"B Skyline"
6,30,32,0.617,B,"B Sugarloaf"
6,33,35,0.625,B,"B Tundra"
6,5,5,0.529,C,"C Alpine Div 1"
6,8,8,0.540,C,"C Alpine Div 2"
6,26,26,0.565,C,"C Arcadia Div 1"
6,17,20,0.573,C,"C Arcadia Div 2"
6,1,1,0.455,C,"C Atlantic Div 1"
6,4,6,0.504,C,"C Atlantic Div 2"
6,9,9,0.539,C,"C Badlands Div 1"
6,6,6,0.554,C,"C Badlands Div 2"
6,13,13,0.552,C,"C Bayou Div 1"
6,18,18,0.544,C,"C Bayou Div 2"
6,14,16,0.551,C,"C Cascade Div 1"
6,10,12,0.514,C,"C Cascade Div 2"
6,20,22,0.592,C,"C Central"
6,9,9,0.550,C,"C Coastal"
6,18,18,0.573,C,"C Continental Div 1"
6,10,10,0.539,C,"C Continental Div 2"
6,3,3,0.480,C,"C Corridor Div 1"
6,4,4,0.459,C,"C Corridor Div 2"
6,12,13,0.524,C,"C Fjord"
6,16,16,0.563,C,"C Frontier"
6,4,4,0.485,C,"C Highland Div 1"
6,7,7,0.485,C,"C Highland Div 2"
6,8,10,0.537,C,"C Horizon Div 1"
6,11,13,0.568,C,"C Horizon Div 2"
6,13,13,0.549,C,"C Laguna Div 1"
6,8,8,0.532,C,"C Laguna Div 2"
6,18,18,0.554,C,"C Magnolia Div 1"
6,15,15,0.563,C,"C Magnolia Div 2"
6,8,8,0.521,C,"C Maritime"
6,17,17,0.587,C,"C Memorial Div 1"
6,6,6,0.476,C,"C Memorial Div 2"
6,11,13,0.539,C,"C Meridian Div 1"
6,5,5,0.521,C,"C Meridian Div 2"
6,4,4,0.514,C,"C Metro"
6,8,8,0.502,C,"C Midland Div 1"
6,12,14,0.554,C,"C Midland Div 2"
6,28,30,0.565,C,"C Morningstar"
6,10,11,0.532,C,"C Pacific Div 1"
6,13,13,0.540,C,"C Pacific Div 2"
6,16,16,0.555,C,"C Piedmont"
6,12,12,0.501,C,"C Plaza"
6,8,8,0.509,C,"C Seaboard Div 1"
6,4,4,0.491,C,"C Seaboard Div 2"
6,24,24,0.547,C,"C Sequoia"
6,8,8,0.500,C,"C Sierra"
6,19,19,0.526,C,"C Skyline"
6,12,12,0.568,C,"C Sugarloaf Div 1"
6,12,14,0.602,C,"C Sugarloaf Div 2"
6,14,14,0.546,C,"C Tundra Div 1"
6,13,13,0.528,C,"C Tundra Div 2"
6,4,4,0.437,D,"D Alpine Div 1"
6,4,4,0.426,D,"D Alpine Div 2"
6,1,1,0.417,D,"D Arcadia Div 1"
6,4,4,0.470,D,"D Arcadia Div 2"
6,5,5,0.423,D,"D Atlantic Div 1"
6,3,3,0.421,D,"D Atlantic Div 2"
6,4,4,0.448,D,"D Badlands Div 1"
6,12,12,0.457,D,"D Badlands Div 2"
6,3,3,0.447,D,"D Bayou Div 1"
6,3,3,0.431,D,"D Bayou Div 2"
6,5,7,0.424,D,"D Cascade Div 1"
6,7,7,0.432,D,"D Cascade Div 2"
6,11,11,0.515,D,"D Central Div 1"
6,9,11,0.525,D,"D Central Div 2"
6,5,5,0.451,D,"D Coastal Div 1"
6,5,6,0.457,D,"D Coastal Div 2"
6,8,8,0.475,D,"D Continental Div 1"
6,9,9,0.462,D,"D Continental Div 2"
6,1,1,0.417,D,"D Corridor Div 1"
6,3,3,0.395,D,"D Corridor Div 2"
6,5,5,0.482,D,"D Fjord Div 1"
6,5,5,0.455,D,"D Fjord Div 2"
6,4,6,0.464,D,"D Frontier Div 1"
6,3,3,0.416,D,"D Frontier Div 2"
6,1,1,0.383,D,"D Highland Div 1"
6,2,2,0.381,D,"D Highland Div 2"
6,3,3,0.435,D,"D Horizon Div 1"
6,4,4,0.455,D,"D Horizon Div 2"
6,2,2,0.417,D,"D Laguna Div 1"
6,3,3,0.414,D,"D Laguna Div 2"
6,8,8,0.462,D,"D Magnolia Div 1"
6,8,8,0.463,D,"D Magnolia Div 2"
6,6,6,0.446,D,"D Magnolia Div 3"
6,3,3,0.451,D,"D Maritime Div 1"
6,8,8,0.447,D,"D Maritime Div 2"
6,9,9,0.482,D,"D Memorial Div 1"
6,2,2,0.401,D,"D Memorial Div 2"
6,7,7,0.441,D,"D Meridian Div 1"
6,6,6,0.444,D,"D Meridian Div 2"
6,4,4,0.417,D,"D Metro Div 1"
6,2,2,0.404,D,"D Metro Div 2"
6,5,5,0.446,D,"D Midland Div 1"
6,3,3,0.420,D,"D Midland Div 2"
6,4,4,0.438,D,"D Morningstar Div 1"
6,6,6,0.492,D,"D Morningstar Div 2"
6,5,5,0.424,D,"D Pacific Div 1"
6,4,4,0.457,D,"D Pacific Div 2"
6,4,4,0.453,D,"D Piedmont Div 1"
6,5,5,0.457,D,"D Piedmont Div 2"
6,3,3,0.463,D,"D Plaza Div 1"
6,2,2,0.438,D,"D Plaza Div 2"
6,1,1,0.417,D,"D Seaboard Div 1"
6,1,1,0.402,D,"D Seaboard Div 2"
6,3,3,0.419,D,"D Sequoia Div 1"
6,13,13,0.482,D,"D Sequoia Div 2"
6,4,4,0.465,D,"D Sierra Div 1"
6,14,14,0.481,D,"D Sierra Div 2"
6,2,2,0.418,D,"D Skyline Div 1"
6,3,5,0.386,D,"D Skyline Div 2"
6,4,4,0.464,D,"D Sugarloaf Div 1"
6,8,8,0.483,D,"D Sugarloaf Div 2"
6,8,8,0.416,D,"D Tundra Div 1"
6,3,3,0.439,D,"D Tundra Div 2"
6,2,2,0.322,E,"E Alpine Div 2"
6,1,1,0.307,E,"E Atlantic Div 1"
6,3,3,0.319,E,"E Atlantic Div 2"
6,2,2,0.326,E,"E Badlands Div 1"
6,1,1,0.343,E,"E Badlands Div 2"
6,1,1,0.306,E,"E Bayou Div 2"
6,1,1,0.291,E,"E Cascade Div 1"
6,1,2,0.314,E,"E Cascade Div 3"
6,3,3,0.407,E,"E Central Div 1"
6,1,1,0.288,E,"E Coastal Div 1"
6,1,1,0.325,E,"E Corridor Div 1"
6,1,1,0.292,E,"E Fjord Div 2"
6,1,1,0.308,E,"E Frontier Div 1"
6,1,1,0.325,E,"E Frontier Div 2"
6,1,1,0.289,E,"E Highland Div 2"
6,1,1,0.301,E,"E Horizon Div 1"
6,1,1,0.312,E,"E Horizon Div 2"
6,1,1,0.320,E,"E Laguna Div 1"
6,1,1,0.306,E,"E Laguna Div 2"
6,1,1,0.297,E,"E Magnolia Div 1"
6,1,1,0.322,E,"E Maritime Div 2"
6,3,3,0.312,E,"E Memorial Div 1"
6,1,1,0.306,E,"E Meridian Div 1"
6,2,2,0.330,E,"E Meridian Div 2"
6,2,2,0.281,E,"E Metro Div 2"
6,3,3,0.331,E,"E Midland Div 1"
6,1,1,0.310,E,"E Midland Div 2"
6,1,1,0.335,E,"E Morningstar Div 2"
6,2,2,0.298,E,"E Piedmont Div 2"
6,4,4,0.322,E,"E Plaza"
6,1,1,0.320,E,"E Seaboard Div 1"
6,1,1,0.308,E,"E Seaboard Div 2"
6,1,1,0.317,E,"E Sequoia Div 1"
6,1,1,0.285,E,"E Skyline Div 1"
6,1,1,0.296,E,"E Skyline Div 2"
6,1,3,0.354,E,"E Sugarloaf Div 1"
6,1,1,0.290,E,"E Tundra Div 1"
6,1,1,0.344,E,"E Tundra Div 2"
6,8,8,0.394,R,"R Alpine Div 1"
6,15,17,0.450,R,"R Alpine Div 2"
6,15,16,0.466,R,"R Arcadia Div 1"
6,7,7,0.456,R,"R Arcadia Div 2"
6,18,20,0.456,R,"R Atlantic"
6,7,7,0.459,R,"R Badlands Div 1"
6,1,1,0.383,R,"R Badlands Div 2"
6,5,5,0.396,R,"R Bayou"
6,15,15,0.464,R,"R Cascade Div 1"
6,3,3,0.345,R,"R Cascade Div 2"
6,8,8,0.479,R,"R Central Div 1"
6,1,1,0.464,R,"R Central Div 2"
6,16,17,0.456,R,"R Coastal"
6,22,24,0.442,R,"R Continental"
6,2,2,0.340,R,"R Corridor Div 1"
6,8,8,0.423,R,"R Corridor Div 2"
6,7,7,0.398,R,"R Fjord"
6,7,7,0.383,R,"R Frontier"
6,9,9,0.425,R,"R Highland Div 1"
6,1,1,0.305,R,"R Highland Div 2"
6,1,1,0.354,R,"R Horizon Div 1"
6,17,21,0.432,R,"R Horizon Div 2"
6,2,2,0.370,R,"R Laguna Div 1"
6,17,21,0.452,R,"R Laguna Div 2"
6,26,26,0.484,R,"R Magnolia Div 1"
6,8,8,0.381,R,"R Magnolia Div 2"
6,18,23,0.457,R,"R Maritime"
6,15,16,0.422,R,"R Memorial Div 1"
6,2,2,0.380,R,"R Memorial Div 2"
6,4,4,0.384,R,"R Meridian Div 1"
6,10,11,0.462,R,"R Meridian Div 2"
6,6,6,0.385,R,"R Metro Div 1"
6,8,8,0.382,R,"R Metro Div 2"
6,5,5,0.365,R,"R Midland Div 1"
6,4,4,0.379,R,"R Midland Div 2"
6,10,10,0.423,R,"R Morningstar Div 1"
6,10,12,0.351,R,"R Morningstar Div 2"
6,3,3,0.385,R,"R Pacific Div 2"
6,9,9,0.393,R,"R Piedmont"
6,3,3,0.384,R,"R Plaza"
6,3,3,0.364,R,"R Seaboard Div 1"
6,8,8,0.381,R,"R Seaboard Div 2"
6,6,6,0.400,R,"R Sequoia Div 1"
6,4,4,0.371,R,"R Sequoia Div 2"
6,25,30,0.475,R,"R Sierra"
6,8,11,0.456,R,"R Skyline Div 1"
6,9,11,0.416,R,"R Sugarloaf Div 1"
6,3,3,0.419,R,"R Sugarloaf Div 2"
6,10,10,0.399,R,"R Tundra"
5,121,243,0.736,A,"A Alpine"
5,128,235,0.737,A,"A Arcadia"
5,136,205,0.682,A,"A Atlantic"
5,124,297,0.805,A,"A Badlands"
5,102,239,0.794,A,"A Bayou"
5,136,272,0.786,A,"A Cascade"
5,106,232,0.792,A,"A Central"
5,129,240,0.734,A,"A Coastal"
5,103,270,0.807,A,"A Continental"
5,99,205,0.741,A,"A Corridor"
5,115,242,0.765,A,"A Fjord"
5,99,229,0.774,A,"A Frontier"
5,117,222,0.741,A,"A Highland"
5,105,223,0.792,A,"A Horizon"
5,98,241,0.786,A,"A Laguna"
5,118,226,0.744,A,"A Magnolia"
5,125,256,0.764,A,"A Maritime"
5,136,231,0.733,A,"A Memorial"
5,138,232,0.707,A,"A Meridian"
5,110,191,0.708,A,"A Metro"
5,141,289,0.774,A,"A Midland"
5,104,184,0.707,A,"A Morningstar"
5,131,221,0.719,A,"A Pacific"
5,117,245,0.776,A,"A Piedmont"
5,123,203,0.717,A,"A Plaza"
5,115,184,0.676,A,"A Seaboard"
5,133,258,0.762,A,"A Sequoia"
5,116,203,0.703,A,"A Sierra"
5,119,228,0.736,A,"A Skyline"
5,118,235,0.748,A,"A Sugarloaf"
5,131,248,0.756,A,"A Tundra"
5,97,133,0.618,B,"B Alpine"
5,111,164,0.648,B,"B Arcadia"
5,98,151,0.638,B,"B Atlantic"
5,112,182,0.678,B,"B Badlands"
5,118,186,0.673,B,"B Bayou"
5,105,146,0.634,B,"B Cascade"
5,137,207,0.693,B,"B Central"
5,112,167,0.634,B,"B Coastal"
5,116,166,0.664,B,"B Continental"
5,75,100,0.569,B,"B Corridor"
5,104,141,0.634,B,"B Fjord"
5,99,151,0.651,B,"B Frontier"
5,82,108,0.574,B,"B Highland"
5,111,159,0.631,B,"B Horizon"
5,100,162,0.656,B,"B Laguna"
5,124,243,0.737,B,"B Magnolia"
5,101,131,0.630,B,"B Maritime"
5,64,87,0.565,B,"B Memorial"
5,112,157,0.642,B,"B Meridian"
5,70,88,0.557,B,"B Metro"
5,100,131,0.620,B,"B Midland"
5,94,152,0.644,B,"B Morningstar"
5,126,181,0.660,B,"B Pacific"
5,104,155,0.641,B,"B Piedmont"
5,104,134,0.610,B,"B Plaza"
5,74,102,0.562,B,"B Seaboard"
5,89,118,0.612,B,"B Sequoia"
5,102,132,0.614,B,"B Sierra"
5,98,132,0.617,B,"B Skyline"
5,89,128,0.617,B,"B Sugarloaf"
5,80,115,0.625,B,"B Tundra"
5,49,62,0.529,C,"C Alpine Div 1"
5,49,57,0.540,C,"C Alpine Div 2"
5,56,71,0.565,C,"C Arcadia Div 1"
5,75,89,0.573,C,"C Arcadia Div 2"
5,27,31,0.455,C,"C Atlantic Div 1"
5,39,43,0.504,C,"C Atlantic Div 2"
5,65,77,0.539,C,"C Badlands Div 1"
5,61,77,0.554,C,"C Badlands Div 2"
5,67,84,0.552,C,"C Bayou Div 1"
5,48,63,0.544,C,"C Bayou Div 2"
5,69,82,0.551,C,"C Cascade Div 1"
5,51,59,0.514,C,"C Cascade Div 2"
5,65,84,0.592,C,"C Central"
5,86,109,0.550,C,"C Coastal"
5,61,74,0.573,C,"C Continental Div 1"
5,45,54,0.539,C,"C Continental Div 2"
5,34,36,0.480,C,"C Corridor Div 1"
5,19,21,0.459,C,"C Corridor Div 2"
5,72,85,0.524,C,"C Fjord"
5,97,130,0.563,C,"C Frontier"
5,38,46,0.485,C,"C Highland Div 1"
5,26,31,0.485,C,"C Highland Div 2"
5,43,53,0.537,C,"C Horizon Div 1"
5,69,80,0.568,C,"C Horizon Div 2"
5,67,79,0.549,C,"C Laguna Div 1"
5,69,76,0.532,C,"C Laguna Div 2"
5,77,101,0.554,C,"C Magnolia Div 1"
5,84,113,0.563,C,"C Magnolia Div 2"
5,58,68,0.521,C,"C Maritime"
5,63,84,0.587,C,"C Memorial Div 1"
5,25,30,0.476,C,"C Memorial Div 2"
5,52,65,0.539,C,"C Meridian Div 1"
5,42,46,0.521,C,"C Meridian Div 2"
5,59,71,0.514,C,"C Metro"
5,35,42,0.502,C,"C Midland Div 1"
5,54,65,0.554,C,"C Midland Div 2"
5,103,131,0.565,C,"C Morningstar"
5,52,54,0.532,C,"C Pacific Div 1"
5,56,71,0.540,C,"C Pacific Div 2"
5,91,111,0.555,C,"C Piedmont"
5,38,49,0.501,C,"C Plaza"
5,37,44,0.509,C,"C Seaboard Div 1"
5,29,35,0.491,C,"C Seaboard Div 2"
5,83,115,0.547,C,"C Sequoia"
5,78,88,0.500,C,"C Sierra"
5,86,95,0.526,C,"C Skyline"
5,77,101,0.568,C,"C Sugarloaf Div 1"
5,81,114,0.602,C,"C Sugarloaf Div 2"
5,62,74,0.546,C,"C Tundra Div 1"
5,54,69,0.528,C,"C Tundra Div 2"
5,30,32,0.437,D,"D Alpine Div 1"
5,28,30,0.426,D,"D Alpine Div 2"
5,36,40,0.417,D,"D Arcadia Div 1"
5,46,55,0.470,D,"D Arcadia Div 2"
5,23,23,0.423,D,"D Atlantic Div 1"
5,17,20,0.421,D,"D Atlantic Div 2"
5,43,49,0.448,D,"D Badlands Div 1"
5,28,33,0.457,D,"D Badlands Div 2"
5,41,50,0.447,D,"D Bayou Div 1"
5,28,31,0.431,D,"D Bayou Div 2"
5,33,40,0.424,D,"D Cascade Div 1"
5,40,44,0.432,D,"D Cascade Div 2"
5,53,60,0.515,D,"D Central Div 1"
5,49,67,0.525,D,"D Central Div 2"
5,24,27,0.451,D,"D Coastal Div 1"
5,29,37,0.457,D,"D Coastal Div 2"
5,50,57,0.475,D,"D Continental Div 1"
5,35,45,0.462,D,"D Continental Div 2"
5,25,26,0.417,D,"D Corridor Div 1"
5,22,25,0.395,D,"D Corridor Div 2"
5,29,34,0.482,D,"D Fjord Div 1"
5,37,40,0.455,D,"D Fjord Div 2"
5,24,33,0.464,D,"D Frontier Div 1"
5,29,32,0.416,D,"D Frontier Div 2"
5,24,24,0.383,D,"D Highland Div 1"
5,19,20,0.381,D,"D Highland Div 2"
5,27,33,0.435,D,"D Horizon Div 1"
5,39,42,0.455,D,"D Horizon Div 2"
5,31,32,0.417,D,"D Laguna Div 1"
5,23,26,0.414,D,"D Laguna Div 2"
5,49,61,0.462,D,"D Magnolia Div 1"
5,36,40,0.463,D,"D Magnolia Div 2"
5,32,33,0.446,D,"D Magnolia Div 3"
5,33,38,0.451,D,"D Maritime Div 1"
5,28,33,0.447,D,"D Maritime Div 2"
5,38,43,0.482,D,"D Memorial Div 1"
5,21,22,0.401,D,"D Memorial Div 2"
5,26,28,0.441,D,"D Meridian Div 1"
5,39,40,0.444,D,"D Meridian Div 2"
5,22,22,0.417,D,"D Metro Div 1"
5,15,16,0.404,D,"D Metro Div 2"
5,32,40,0.446,D,"D Midland Div 1"
5,29,31,0.420,D,"D Midland Div 2"
5,28,31,0.438,D,"D Morningstar Div 1"
5,51,57,0.492,D,"D Morningstar Div 2"
5,19,21,0.424,D,"D Pacific Div 1"
5,28,35,0.457,D,"D Pacific Div 2"
5,43,48,0.453,D,"D Piedmont Div 1"
5,25,28,0.457,D,"D Piedmont Div 2"
5,22,23,0.463,D,"D Plaza Div 1"
5,15,15,0.438,D,"D Plaza Div 2"
5,30,33,0.417,D,"D Seaboard Div 1"
5,26,26,0.402,D,"D Seaboard Div 2"
5,26,26,0.419,D,"D Sequoia Div 1"
5,48,56,0.482,D,"D Sequoia Div 2"
5,37,41,0.465,D,"D Sierra Div 1"
5,40,49,0.481,D,"D Sierra Div 2"
5,25,29,0.418,D,"D Skyline Div 1"
5,30,32,0.386,D,"D Skyline Div 2"
5,48,52,0.464,D,"D Sugarloaf Div 1"
5,49,57,0.483,D,"D Sugarloaf Div 2"
5,18,23,0.416,D,"D Tundra Div 1"
5,30,38,0.439,D,"D Tundra Div 2"
5,5,5,0.278,E,"E Alpine Div 1"
5,12,12,0.322,E,"E Alpine Div 2"
5,10,10,0.328,E,"E Arcadia Div 1"
5,7,7,0.282,E,"E Arcadia Div 2"
5,19,23,0.307,E,"E Atlantic Div 1"
5,8,8,0.319,E,"E Atlantic Div 2"
5,7,7,0.326,E,"E Badlands Div 1"
5,8,8,0.343,E,"E Badlands Div 2"
5,2,2,0.287,E,"E Bayou Div 1"
5,11,11,0.306,E,"E Bayou Div 2"
5,5,5,0.291,E,"E Cascade Div 1"
5,3,3,0.281,E,"E Cascade Div 2"
5,11,12,0.314,E,"E Cascade Div 3"
5,25,27,0.407,E,"E Central Div 1"
5,11,11,0.317,E,"E Central Div 2"
5,4,5,0.288,E,"E Coastal Div 1"
5,8,8,0.331,E,"E Coastal Div 2"
5,12,16,0.314,E,"E Continental Div 1"
5,14,16,0.324,E,"E Continental Div 2"
5,14,14,0.325,E,"E Corridor Div 1"
5,4,4,0.281,E,"E Corridor Div 2"
5,18,22,0.364,E,"E Fjord Div 1"
5,7,7,0.292,E,"E Fjord Div 2"
5,19,19,0.308,E,"E Frontier Div 1"
5,6,6,0.325,E,"E Frontier Div 2"
5,4,4,0.292,E,"E Highland Div 1"
5,4,5,0.289,E,"E Highland Div 2"
5,5,6,0.301,E,"E Horizon Div 1"
5,11,11,0.312,E,"E Horizon Div 2"
5,12,13,0.320,E,"E Laguna Div 1"
5,10,10,0.306,E,"E Laguna Div 2"
5,8,9,0.297,E,"E Magnolia Div 1"
5,8,8,0.323,E,"E Magnolia Div 2"
5,6,6,0.307,E,"E Maritime Div 1"
5,9,9,0.322,E,"E Maritime Div 2"
5,13,13,0.312,E,"E Memorial Div 1"
5,12,13,0.275,E,"E Memorial Div 2"
5,7,9,0.306,E,"E Meridian Div 1"
5,7,7,0.330,E,"E Meridian Div 2"
5,16,16,0.338,E,"E Metro Div 1"
5,8,9,0.281,E,"E Metro Div 2"
5,9,10,0.331,E,"E Midland Div 1"
5,6,6,0.310,E,"E Midland Div 2"
5,10,11,0.311,E,"E Morningstar Div 1"
5,17,17,0.335,E,"E Morningstar Div 2"
5,6,6,0.294,E,"E Pacific Div 1"
5,7,7,0.315,E,"E Pacific Div 2"
5,13,13,0.335,E,"E Piedmont Div 1"
5,5,7,0.298,E,"E Piedmont Div 2"
5,7,9,0.322,E,"E Plaza"
5,12,14,0.320,E,"E Seaboard Div 1"
5,6,6,0.308,E,"E Seaboard Div 2"
5,17,17,0.317,E,"E Sequoia Div 1"
5,13,15,0.305,E,"E Sequoia Div 2"
5,6,6,0.318,E,"E Sierra Div 1"
5,4,4,0.328,E,"E Sierra Div 2"
5,5,5,0.285,E,"E Skyline Div 1"
5,7,7,0.296,E,"E Skyline Div 2"
5,28,29,0.354,E,"E Sugarloaf Div 1"
5,6,8,0.311,E,"E Sugarloaf Div 2"
5,5,5,0.290,E,"E Tundra Div 1"
5,13,15,0.344,E,"E Tundra Div 2"
5,18,21,0.394,R,"R Alpine Div 1"
5,51,60,0.450,R,"R Alpine Div 2"
5,55,72,0.466,R,"R Arcadia Div 1"
5,50,59,0.456,R,"R Arcadia Div 2"
5,50,55,0.456,R,"R Atlantic"
5,20,25,0.459,R,"R Badlands Div 1"
5,21,23,0.383,R,"R Badlands Div 2"
5,36,38,0.396,R,"R Bayou"
5,47,59,0.464,R,"R Cascade Div 1"
5,11,12,0.345,R,"R Cascade Div 2"
5,46,54,0.479,R,"R Central Div 1"
5,36,39,0.464,R,"R Central Div 2"
5,70,82,0.456,R,"R Coastal"
5,74,84,0.442,R,"R Continental"
5,14,16,0.340,R,"R Corridor Div 1"
5,27,30,0.423,R,"R Corridor Div 2"
5,26,27,0.398,R,"R Fjord"
5,39,41,0.383,R,"R Frontier"
5,33,42,0.425,R,"R Highland Div 1"
5,12,12,0.305,R,"R Highland Div 2"
5,17,17,0.354,R,"R Horizon Div 1"
5,33,47,0.432,R,"R Horizon Div 2"
5,22,24,0.370,R,"R Laguna Div 1"
5,35,39,0.452,R,"R Laguna Div 2"
5,69,87,0.484,R,"R Magnolia Div 1"
5,31,35,0.381,R,"R Magnolia Div 2"
5,53,67,0.457,R,"R Maritime"
5,48,56,0.422,R,"R Memorial Div 1"
5,18,22,0.380,R,"R Memorial Div 2"
5,21,24,0.384,R,"R Meridian Div 1"
5,32,44,0.462,R,"R Meridian Div 2"
5,34,38,0.385,R,"R Metro Div 1"
5,29,31,0.382,R,"R Metro Div 2"
5,25,26,0.365,R,"R Midland Div 1"
5,18,20,0.379,R,"R Midland Div 2"
5,34,42,0.423,R,"R Morningstar Div 1"
5,27,28,0.351,R,"R Morningstar Div 2"
5,11,12,0.337,R,"R Pacific Div 1"
5,19,19,0.385,R,"R Pacific Div 2"
5,42,43,0.393,R,"R Piedmont"
5,36,37,0.384,R,"R Plaza"
5,22,22,0.364,R,"R Seaboard Div 1"
5,24,25,0.381,R,"R Seaboard Div 2"
5,29,30,0.400,R,"R Sequoia Div 1"
5,14,17,0.371,R,"R Sequoia Div 2"
5,55,74,0.475,R,"R Sierra"
5,32,39,0.456,R,"R Skyline Div 1"
5,18,21,0.362,R,"R Skyline Div 2"
5,41,46,0.416,R,"R Sugarloaf Div 1"
5,31,35,0.419,R,"R Sugarloaf Div 2"
5,50,56,0.399,R,"R Tundra"
4,66,206,0.736,A,"A Alpine"
4,63,217,0.737,A,"A Arcadia"
4,86,215,0.682,A,"A Atlantic"
4,28,176,0.805,A,"A Badlands"
4,38,143,0.794,A,"A Bayou"
4,38,163,0.786,A,"A Cascade"
4,37,149,0.792,A,"A Central"
4,67,229,0.734,A,"A Coastal"
4,33,161,0.807,A,"A Continental"
4,59,189,0.741,A,"A Corridor"
4,43,180,0.765,A,"A Fjord"
4,49,186,0.774,A,"A Frontier"
4,64,210,0.741,A,"A Highland"
4,37,158,0.792,A,"A Horizon"
4,44,167,0.786,A,"A Laguna"
4,55,199,0.744,A,"A Magnolia"
4,57,201,0.764,A,"A Maritime"
4,56,195,0.733,A,"A Memorial"
4,87,263,0.707,A,"A Meridian"
4,65,195,0.708,A,"A Metro"
4,47,179,0.774,A,"A Midland"
4,73,185,0.707,A,"A Morningstar"
4,61,205,0.719,A,"A Pacific"
4,37,136,0.776,A,"A Piedmont"
4,59,197,0.717,A,"A Plaza"
4,94,225,0.676,A,"A Seaboard"
4,44,187,0.762,A,"A Sequoia"
4,76,204,0.703,A,"A Sierra"
4,67,190,0.736,A,"A Skyline"
4,40,145,0.748,A,"A Sugarloaf"
4,45,186,0.756,A,"A Tundra"
4,88,218,0.618,B,"B Alpine"
4,106,231,0.648,B,"B Arcadia"
4,86,188,0.638,B,"B Atlantic"
4,76,205,0.678,B,"B Badlands"
4,87,220,0.673,B,"B Bayou"
4,93,200,0.634,B,"B Cascade"
4,69,196,0.693,B,"B Central"
4,82,194,0.634,B,"B Coastal"
4,93,217,0.664,B,"B Continental"
4,103,192,0.569,B,"B Corridor"
4,92,214,0.634,B,"B Fjord"
4,108,231,0.651,B,"B Frontier"
4,94,186,0.574,B,"B Highland"
4,79,194,0.631,B,"B Horizon"
4,95,221,0.656,B,"B Laguna"
4,61,204,0.737,B,"B Magnolia"
4,85,216,0.630,B,"B Maritime"
4,87,153,0.565,B,"B Memorial"
4,80,183,0.642,B,"B Meridian"
4,101,196,0.557,B,"B Metro"
4,103,219,0.620,B,"B Midland"
4,89,214,0.644,B,"B Morningstar"
4,94,228,0.660,B,"B Pacific"
4,103,226,0.641,B,"B Piedmont"
4,108,207,0.610,B,"B Plaza"
4,105,178,0.562,B,"B Seaboard"
4,88,186,0.612,B,"B Sequoia"
4,93,196,0.614,B,"B Sierra"
4,97,214,0.617,B,"B Skyline"
4,99,223,0.617,B,"B Sugarloaf"
4,122,234,0.625,B,"B Tundra"
4,67,110,0.529,C,"C Alpine Div 1"
4,79,128,0.540,C,"C Alpine Div 2"
4,99,171,0.565,C,"C Arcadia Div 1"
4,96,183,0.573,C,"C Arcadia Div 2"
4,71,96,0.455,C,"C Atlantic Div 1"
4,51,92,0.504,C,"C Atlantic Div 2"
4,92,150,0.539,C,"C Badlands Div 1"
4,91,164,0.554,C,"C Badlands Div 2"
4,70,130,0.552,C,"C Bayou Div 1"
4,60,99,0.544,C,"C Bayou Div 2"
4,77,153,0.551,C,"C Cascade Div 1"
4,72,122,0.514,C,"C Cascade Div 2"
4,109,205,0.592,C,"C Central"
4,121,210,0.550,C,"C Coastal"
4,98,164,0.573,C,"C Continental Div 1"
4,82,143,0.539,C,"C Continental Div 2"
4,52,92,0.480,C,"C Corridor Div 1"
4,48,72,0.459,C,"C Corridor Div 2"
4,108,201,0.524,C,"C Fjord"
4,123,212,0.563,C,"C Frontier"
4,64,99,0.485,C,"C Highland Div 1"
4,65,109,0.485,C,"C Highland Div 2"
4,67,111,0.537,C,"C Horizon Div 1"
4,66,130,0.568,C,"C Horizon Div 2"
4,99,173,0.549,C,"C Laguna Div 1"
4,71,137,0.532,C,"C Laguna Div 2"
4,107,205,0.554,C,"C Magnolia Div 1"
4,122,206,0.563,C,"C Magnolia Div 2"
4,102,171,0.521,C,"C Maritime"
4,80,158,0.587,C,"C Memorial Div 1"
4,63,93,0.476,C,"C Memorial Div 2"
4,70,112,0.539,C,"C Meridian Div 1"
4,72,119,0.521,C,"C Meridian Div 2"
4,124,209,0.514,C,"C Metro"
4,69,116,0.502,C,"C Midland Div 1"
4,64,123,0.554,C,"C Midland Div 2"
4,140,252,0.565,C,"C Morningstar"
4,95,168,0.532,C,"C Pacific Div 1"
4,87,135,0.540,C,"C Pacific Div 2"
4,116,200,0.555,C,"C Piedmont"
4,84,143,0.501,C,"C Plaza"
4,64,100,0.509,C,"C Seaboard Div 1"
4,72,110,0.491,C,"C Seaboard Div 2"
4,122,212,0.547,C,"C Sequoia"
4,114,197,0.500,C,"C Sierra"
4,138,212,0.526,C,"C Skyline"
4,90,169,0.568,C,"C Sugarloaf Div 1"
4,92,179,0.602,C,"C Sugarloaf Div 2"
4,101,181,0.546,C,"C Tundra Div 1"
4,74,125,0.528,C,"C Tundra Div 2"
4,94,128,0.437,D,"D Alpine Div 1"
4,75,110,0.426,D,"D Alpine Div 2"
4,86,117,0.417,D,"D Arcadia Div 1"
4,89,138,0.470,D,"D Arcadia Div 2"
4,85,111,0.423,D,"D Atlantic Div 1"
4,76,103,0.421,D,"D Atlantic Div 2"
4,91,138,0.448,D,"D Badlands Div 1"
4,93,130,0.457,D,"D Badlands Div 2"
4,92,129,0.447,D,"D Bayou Div 1"
4,73,110,0.431,D,"D Bayou Div 2"
4,100,137,0.424,D,"D Cascade Div 1"
4,90,129,0.432,D,"D Cascade Div 2"
4,80,139,0.515,D,"D Central Div 1"
4,86,130,0.525,D,"D Central Div 2"
4,79,104,0.451,D,"D Coastal Div 1"
4,60,79,0.457,D,"D Coastal Div 2"
4,97,152,0.475,D,"D Continental Div 1"
4,105,141,0.462,D,"D Continental Div 2"
4,75,96,0.417,D,"D Corridor Div 1"
4,66,87,0.395,D,"D Corridor Div 2"
4,87,124,0.482,D,"D Fjord Div 1"
4,71,92,0.455,D,"D Fjord Div 2"
4,82,110,0.464,D,"D Frontier Div 1"
4,57,80,0.416,D,"D Frontier Div 2"
4,54,68,0.383,D,"D Highland Div 1"
4,77,104,0.381,D,"D Highland Div 2"
4,92,123,0.435,D,"D Horizon Div 1"
4,91,133,0.455,D,"D Horizon Div 2"
4,67,98,0.417,D,"D Laguna Div 1"
4,75,104,0.414,D,"D Laguna Div 2"
4,83,108,0.462,D,"D Magnolia Div 1"
4,62,114,0.463,D,"D Magnolia Div 2"
4,62,94,0.446,D,"D Magnolia Div 3"
4,108,149,0.451,D,"D Maritime Div 1"
4,85,113,0.447,D,"D Maritime Div 2"
4,109,170,0.482,D,"D Memorial Div 1"
4,79,103,0.401,D,"D Memorial Div 2"
4,75,107,0.441,D,"D Meridian Div 1"
4,71,97,0.444,D,"D Meridian Div 2"
4,65,85,0.417,D,"D Metro Div 1"
4,66,97,0.404,D,"D Metro Div 2"
4,76,97,0.446,D,"D Midland Div 1"
4,65,94,0.420,D,"D Midland Div 2"
4,92,115,0.438,D,"D Morningstar Div 1"
4,78,124,0.492,D,"D Morningstar Div 2"
4,79,112,0.424,D,"D Pacific Div 1"
4,74,99,0.457,D,"D Pacific Div 2"
4,67,101,0.453,D,"D Piedmont Div 1"
4,87,121,0.457,D,"D Piedmont Div 2"
4,71,101,0.463,D,"D Plaza Div 1"
4,66,87,0.438,D,"D Plaza Div 2"
4,65,94,0.417,D,"D Seaboard Div 1"
4,61,79,0.402,D,"D Seaboard Div 2"
4,74,98,0.419,D,"D Sequoia Div 1"
4,99,136,0.482,D,"D Sequoia Div 2"
4,89,125,0.465,D,"D Sierra Div 1"
4,77,121,0.481,D,"D Sierra Div 2"
4,68,94,0.418,D,"D Skyline Div 1"
4,56,83,0.386,D,"D Skyline Div 2"
4,121,164,0.464,D,"D Sugarloaf Div 1"
4,100,147,0.483,D,"D Sugarloaf Div 2"
4,81,107,0.416,D,"D Tundra Div 1"
4,55,79,0.439,D,"D Tundra Div 2"
4,35,36,0.278,E,"E Alpine Div 1"
4,37,50,0.322,E,"E Alpine Div 2"
4,56,68,0.328,E,"E Arcadia Div 1"
4,37,42,0.282,E,"E Arcadia Div 2"
4,32,40,0.307,E,"E Atlantic Div 1"
4,39,43,0.319,E,"E Atlantic Div 2"
4,68,78,0.326,E,"E Badlands Div 1"
4,55,63,0.343,E,"E Badlands Div 2"
4,51,56,0.287,E,"E Bayou Div 1"
4,37,44,0.306,E,"E Bayou Div 2"
4,29,32,0.291,E,"E Cascade Div 1"
4,29,30,0.281,E,"E Cascade Div 2"
4,34,40,0.314,E,"E Cascade Div 3"
4,74,99,0.407,E,"E Central Div 1"
4,54,61,0.317,E,"E Central Div 2"
4,29,38,0.288,E,"E Coastal Div 1"
4,37,46,0.331,E,"E Coastal Div 2"
4,55,60,0.314,E,"E Continental Div 1"
4,41,54,0.324,E,"E Continental Div 2"
4,37,47,0.325,E,"E Corridor Div 1"
4,22,26,0.281,E,"E Corridor Div 2"
4,50,63,0.364,E,"E Fjord Div 1"
4,22,29,0.292,E,"E Fjord Div 2"
4,40,47,0.308,E,"E Frontier Div 1"
4,56,69,0.325,E,"E Frontier Div 2"
4,24,31,0.292,E,"E Highland Div 1"
4,33,37,0.289,E,"E Highland Div 2"
4,43,48,0.301,E,"E Horizon Div 1"
4,33,42,0.312,E,"E Horizon Div 2"
4,45,53,0.320,E,"E Laguna Div 1"
4,37,45,0.306,E,"E Laguna Div 2"
4,33,39,0.297,E,"E Magnolia Div 1"
4,45,47,0.323,E,"E Magnolia Div 2"
4,52,56,0.307,E,"E Maritime Div 1"
4,42,48,0.322,E,"E Maritime Div 2"
4,47,58,0.312,E,"E Memorial Div 1"
4,39,43,0.275,E,"E Memorial Div 2"
4,40,42,0.306,E,"E Meridian Div 1"
4,48,57,0.330,E,"E Meridian Div 2"
4,51,63,0.338,E,"E Metro Div 1"
4,31,35,0.281,E,"E Metro Div 2"
4,55,65,0.331,E,"E Midland Div 1"
4,39,44,0.310,E,"E Midland Div 2"
4,38,45,0.311,E,"E Morningstar Div 1"
4,41,49,0.335,E,"E Morningstar Div 2"
4,29,35,0.294,E,"E Pacific Div 1"
4,45,51,0.315,E,"E Pacific Div 2"
4,52,61,0.335,E,"E Piedmont Div 1"
4,34,46,0.298,E,"E Piedmont Div 2"
4,38,46,0.322,E,"E Plaza"
4,50,59,0.320,E,"E Seaboard Div 1"
4,36,41,0.308,E,"E Seaboard Div 2"
4,44,52,0.317,E,"E Sequoia Div 1"
4,52,58,0.305,E,"E Sequoia Div 2"
4,22,28,0.318,E,"E Sierra Div 1"
4,38,41,0.328,E,"E Sierra Div 2"
4,43,47,0.285,E,"E Skyline Div 1"
4,39,46,0.296,E,"E Skyline Div 2"
4,64,80,0.354,E,"E Sugarloaf Div 1"
4,45,51,0.311,E,"E Sugarloaf Div 2"
4,36,38,0.290,E,"E Tundra Div 1"
4,43,54,0.344,E,"E Tundra Div 2"
4,77,101,0.394,R,"R Alpine Div 1"
4,65,92,0.450,R,"R Alpine Div 2"
4,98,135,0.466,R,"R Arcadia Div 1"
4,86,135,0.456,R,"R Arcadia Div 2"
4,93,131,0.456,R,"R Atlantic"
4,68,102,0.459,R,"R Badlands Div 1"
4,51,72,0.383,R,"R Badlands Div 2"
4,108,140,0.396,R,"R Bayou"
4,86,127,0.464,R,"R Cascade Div 1"
4,40,49,0.345,R,"R Cascade Div 2"
4,54,92,0.479,R,"R Central Div 1"
4,63,82,0.464,R,"R Central Div 2"
4,90,137,0.456,R,"R Coastal"
4,88,123,0.442,R,"R Continental"
4,40,49,0.340,R,"R Corridor Div 1"
4,55,67,0.423,R,"R Corridor Div 2"
4,75,102,0.398,R,"R Fjord"
4,64,86,0.383,R,"R Frontier"
4,67,87,0.425,R,"R Highland Div 1"
4,32,36,0.305,R,"R Highland Div 2"
4,47,54,0.354,R,"R Horizon Div 1"
4,46,58,0.432,R,"R Horizon Div 2"
4,60,74,0.370,R,"R Laguna Div 1"
4,77,110,0.452,R,"R Laguna Div 2"
4,81,120,0.484,R,"R Magnolia Div 1"
4,72,91,0.381,R,"R Magnolia Div 2"
4,98,137,0.457,R,"R Maritime"
4,74,105,0.422,R,"R Memorial Div 1"
4,67,76,0.380,R,"R Memorial Div 2"
4,59,72,0.384,R,"R Meridian Div 1"
4,62,85,0.462,R,"R Meridian Div 2"
4,54,72,0.385,R,"R Metro Div 1"
4,57,72,0.382,R,"R Metro Div 2"
4,31,44,0.365,R,"R Midland Div 1"
4,30,38,0.379,R,"R Midland Div 2"
4,61,83,0.423,R,"R Morningstar Div 1"
4,39,43,0.351,R,"R Morningstar Div 2"
4,36,42,0.337,R,"R Pacific Div 1"
4,43,60,0.385,R,"R Pacific Div 2"
4,80,106,0.393,R,"R Piedmont"
4,59,74,0.384,R,"R Plaza"
4,40,54,0.364,R,"R Seaboard Div 1"
4,47,60,0.381,R,"R Seaboard Div 2"
4,52,77,0.400,R,"R Sequoia Div 1"
4,65,82,0.371,R,"R Sequoia Div 2"
4,97,135,0.475,R,"R Sierra"
4,76,99,0.456,R,"R Skyline Div 1"
4,47,58,0.362,R,"R Skyline Div 2"
4,60,79,0.416,R,"R Sugarloaf Div 1"
4,73,90,0.419,R,"R Sugarloaf Div 2"
4,67,103,0.399,R,"R Tundra"
3,14,78,0.736,A,"A Alpine"
3,17,79,0.737,A,"A Arcadia"
3,26,146,0.682,A,"A Atlantic"
3,5,45,0.805,A,"A Badlands"
3,7,55,0.794,A,"A Bayou"
3,4,69,0.786,A,"A Cascade"
3,2,45,0.792,A,"A Central"
3,14,89,0.734,A,"A Coastal"
3,6,53,0.807,A,"A Continental"
3,11,104,0.741,A,"A Corridor"
3,9,76,0.765,A,"A Fjord"
3,7,58,0.774,A,"A Frontier"
3,8,91,0.741,A,"A Highland"
3,1,50,0.792,A,"A Horizon"
3,8,53,0.786,A,"A Laguna"
3,11,81,0.744,A,"A Magnolia"
3,6,71,0.764,A,"A Maritime"
3,15,103,0.733,A,"A Memorial"
3,17,122,0.707,A,"A Meridian"
3,24,112,0.708,A,"A Metro"
3,5,61,0.774,A,"A Midland"
3,14,111,0.707,A,"A Morningstar"
3,21,115,0.719,A,"A Pacific"
3,10,62,0.776,A,"A Piedmont"
3,22,96,0.717,A,"A Plaza"
3,23,124,0.676,A,"A Seaboard"
3,14,86,0.762,A,"A Sequoia"
3,27,118,0.703,A,"A Sierra"
3,13,72,0.736,A,"A Skyline"
3,18,74,0.748,A,"A Sugarloaf"
3,13,87,0.756,A,"A Tundra"
3,37,148,0.618,B,"B Alpine"
3,28,130,0.648,B,"B Arcadia"
3,40,145,0.638,B,"B Atlantic"
3,31,135,0.678,B,"B Badlands"
3,33,149,0.673,B,"B Bayou"
3,40,145,0.634,B,"B Cascade"
3,14,120,0.693,B,"B Central"
3,45,172,0.634,B,"B Coastal"
3,28,130,0.664,B,"B Continental"
3,64,188,0.569,B,"B Corridor"
3,39,166,0.634,B,"B Fjord"
3,27,138,0.651,B,"B Frontier"
3,62,182,0.574,B,"B Highland"
3,39,168,0.631,B,"B Horizon"
3,30,133,0.656,B,"B Laguna"
3,17,102,0.737,B,"B Magnolia"
3,42,154,0.630,B,"B Maritime"
3,55,158,0.565,B,"B Memorial"
3,46,179,0.642,B,"B Meridian"
3,57,181,0.557,B,"B Metro"
3,44,164,0.620,B,"B Midland"
3,30,129,0.644,B,"B Morningstar"
3,33,154,0.660,B,"B Pacific"
3,26,160,0.641,B,"B Piedmont"
3,46,167,0.610,B,"B Plaza"
3,65,192,0.562,B,"B Seaboard"
3,51,178,0.612,B,"B Sequoia"
3,43,160,0.614,B,"B Sierra"
3,56,172,0.617,B,"B Skyline"
3,48,165,0.617,B,"B Sugarloaf"
3,37,177,0.625,B,"B Tundra"
3,58,147,0.529,C,"C Alpine Div 1"
3,42,131,0.540,C,"C Alpine Div 2"
3,49,155,0.565,C,"C Arcadia Div 1"
3,59,174,0.573,C,"C Arcadia Div 2"
3,53,113,0.455,C,"C Atlantic Div 1"
3,65,155,0.504,C,"C Atlantic Div 2"
3,61,163,0.539,C,"C Badlands Div 1"
3,59,171,0.554,C,"C Badlands Div 2"
3,51,131,0.552,C,"C Bayou Div 1"
3,41,99,0.544,C,"C Bayou Div 2"
3,50,150,0.551,C,"C Cascade Div 1"
3,54,128,0.514,C,"C Cascade Div 2"
3,54,181,0.592,C,"C Central"
3,85,228,0.550,C,"C Coastal"
3,46,157,0.573,C,"C Continental Div 1"
3,59,162,0.539,C,"C Continental Div 2"
3,66,140,0.480,C,"C Corridor Div 1"
3,72,132,0.459,C,"C Corridor Div 2"
3,93,205,0.524,C,"C Fjord"
3,73,229,0.563,C,"C Frontier"
3,50,126,0.485,C,"C Highland Div 1"
3,59,126,0.485,C,"C Highland Div 2"
3,45,139,0.537,C,"C Horizon Div 1"
3,39,108,0.568,C,"C Horizon Div 2"
3,62,158,0.549,C,"C Laguna Div 1"
3,69,159,0.532,C,"C Laguna Div 2"
3,76,186,0.554,C,"C Magnolia Div 1"
3,63,190,0.563,C,"C Magnolia Div 2"
3,79,210,0.521,C,"C Maritime"
3,45,138,0.587,C,"C Memorial Div 1"
3,63,136,0.476,C,"C Memorial Div 2"
3,47,116,0.539,C,"C Meridian Div 1"
3,54,142,0.521,C,"C Meridian Div 2"
3,105,239,0.514,C,"C Metro"
3,70,165,0.502,C,"C Midland Div 1"
3,46,128,0.554,C,"C Midland Div 2"
3,69,208,0.565,C,"C Morningstar"
3,50,162,0.532,C,"C Pacific Div 1"
3,55,177,0.540,C,"C Pacific Div 2"
3,74,216,0.555,C,"C Piedmont"
3,68,144,0.501,C,"C Plaza"
3,62,151,0.509,C,"C Seaboard Div 1"
3,54,132,0.491,C,"C Seaboard Div 2"
3,104,257,0.547,C,"C Sequoia"
3,105,258,0.500,C,"C Sierra"
3,102,249,0.526,C,"C Skyline"
3,64,176,0.568,C,"C Sugarloaf Div 1"
3,40,144,0.602,C,"C Sugarloaf Div 2"
3,58,165,0.546,C,"C Tundra Div 1"
3,72,146,0.528,C,"C Tundra Div 2"
3,79,164,0.437,D,"D Alpine Div 1"
3,103,181,0.426,D,"D Alpine Div 2"
3,115,203,0.417,D,"D Arcadia Div 1"
3,97,217,0.470,D,"D Arcadia Div 2"
3,88,184,0.423,D,"D Atlantic Div 1"
3,83,163,0.421,D,"D Atlantic Div 2"
3,107,206,0.448,D,"D Badlands Div 1"
3,82,196,0.457,D,"D Badlands Div 2"
3,93,196,0.447,D,"D Bayou Div 1"
3,90,187,0.431,D,"D Bayou Div 2"
3,122,242,0.424,D,"D Cascade Div 1"
3,115,212,0.432,D,"D Cascade Div 2"
3,63,160,0.515,D,"D Central Div 1"
3,67,171,0.525,D,"D Central Div 2"
3,65,137,0.451,D,"D Coastal Div 1"
3,74,159,0.457,D,"D Coastal Div 2"
3,103,204,0.475,D,"D Continental Div 1"
3,91,212,0.462,D,"D Continental Div 2"
3,91,190,0.417,D,"D Corridor Div 1"
3,89,164,0.395,D,"D Corridor Div 2"
3,80,177,0.482,D,"D Fjord Div 1"
3,81,169,0.455,D,"D Fjord Div 2"
3,82,154,0.464,D,"D Frontier Div 1"
3,79,142,0.416,D,"D Frontier Div 2"
3,78,140,0.383,D,"D Highland Div 1"
3,101,187,0.381,D,"D Highland Div 2"
3,108,207,0.435,D,"D Horizon Div 1"
3,98,193,0.455,D,"D Horizon Div 2"
3,111,195,0.417,D,"D Laguna Div 1"
3,105,184,0.414,D,"D Laguna Div 2"
3,86,190,0.462,D,"D Magnolia Div 1"
3,86,184,0.463,D,"D Magnolia Div 2"
3,88,174,0.446,D,"D Magnolia Div 3"
3,93,206,0.451,D,"D Maritime Div 1"
3,89,167,0.447,D,"D Maritime Div 2"
3,115,249,0.482,D,"D Memorial Div 1"
3,114,181,0.401,D,"D Memorial Div 2"
3,80,156,0.441,D,"D Meridian Div 1"
3,99,191,0.444,D,"D Meridian Div 2"
3,84,169,0.417,D,"D Metro Div 1"
3,86,163,0.404,D,"D Metro Div 2"
3,88,175,0.446,D,"D Midland Div 1"
3,76,151,0.420,D,"D Midland Div 2"
3,86,159,0.438,D,"D Morningstar Div 1"
3,72,145,0.492,D,"D Morningstar Div 2"
3,88,168,0.424,D,"D Pacific Div 1"
3,82,171,0.457,D,"D Pacific Div 2"
3,77,171,0.453,D,"D Piedmont Div 1"
3,85,170,0.457,D,"D Piedmont Div 2"
3,57,127,0.463,D,"D Plaza Div 1"
3,62,136,0.438,D,"D Plaza Div 2"
3,93,181,0.417,D,"D Seaboard Div 1"
3,92,171,0.402,D,"D Seaboard Div 2"
3,105,221,0.419,D,"D Sequoia Div 1"
3,103,205,0.482,D,"D Sequoia Div 2"
3,70,164,0.465,D,"D Sierra Div 1"
3,74,175,0.481,D,"D Sierra Div 2"
3,116,211,0.418,D,"D Skyline Div 1"
3,86,167,0.386,D,"D Skyline Div 2"
3,93,219,0.464,D,"D Sugarloaf Div 1"
3,98,212,0.483,D,"D Sugarloaf Div 2"
3,85,164,0.416,D,"D Tundra Div 1"
3,115,207,0.439,D,"D Tundra Div 2"
3,75,114,0.278,E,"E Alpine Div 1"
3,99,145,0.322,E,"E Alpine Div 2"
3,99,148,0.328,E,"E Arcadia Div 1"
3,84,120,0.282,E,"E Arcadia Div 2"
3,73,101,0.307,E,"E Atlantic Div 1"
3,73,118,0.319,E,"E Atlantic Div 2"
3,92,148,0.326,E,"E Badlands Div 1"
3,101,165,0.343,E,"E Badlands Div 2"
3,78,115,0.287,E,"E Bayou Div 1"
3,83,132,0.306,E,"E Bayou Div 2"
3,72,108,0.291,E,"E Cascade Div 1"
3,73,99,0.281,E,"E Cascade Div 2"
3,72,103,0.314,E,"E Cascade Div 3"
3,101,172,0.407,E,"E Central Div 1"
3,99,141,0.317,E,"E Central Div 2"
3,64,91,0.288,E,"E Coastal Div 1"
3,89,132,0.331,E,"E Coastal Div 2"
3,98,139,0.314,E,"E Continental Div 1"
3,108,152,0.324,E,"E Continental Div 2"
3,75,99,0.325,E,"E Corridor Div 1"
3,57,90,0.281,E,"E Corridor Div 2"
3,74,120,0.364,E,"E Fjord Div 1"
3,72,99,0.292,E,"E Fjord Div 2"
3,84,122,0.308,E,"E Frontier Div 1"
3,76,125,0.325,E,"E Frontier Div 2"
3,64,96,0.292,E,"E Highland Div 1"
3,68,93,0.289,E,"E Highland Div 2"
3,85,126,0.301,E,"E Horizon Div 1"
3,103,153,0.312,E,"E Horizon Div 2"
3,96,134,0.320,E,"E Laguna Div 1"
3,80,128,0.306,E,"E Laguna Div 2"
3,91,144,0.297,E,"E Magnolia Div 1"
3,100,160,0.323,E,"E Magnolia Div 2"
3,88,126,0.307,E,"E Maritime Div 1"
3,73,120,0.322,E,"E Maritime Div 2"
3,106,153,0.312,E,"E Memorial Div 1"
3,71,107,0.275,E,"E Memorial Div 2"
3,75,111,0.306,E,"E Meridian Div 1"
3,64,107,0.330,E,"E Meridian Div 2"
3,92,144,0.338,E,"E Metro Div 1"
3,63,94,0.281,E,"E Metro Div 2"
3,86,144,0.331,E,"E Midland Div 1"
3,76,108,0.310,E,"E Midland Div 2"
3,72,105,0.311,E,"E Morningstar Div 1"
3,88,135,0.335,E,"E Morningstar Div 2"
3,75,105,0.294,E,"E Pacific Div 1"
3,87,125,0.315,E,"E Pacific Div 2"
3,99,139,0.335,E,"E Piedmont Div 1"
3,78,104,0.298,E,"E Piedmont Div 2"
3,99,148,0.322,E,"E Plaza"
3,81,139,0.320,E,"E Seaboard Div 1"
3,112,152,0.308,E,"E Seaboard Div 2"
3,115,179,0.317,E,"E Sequoia Div 1"
3,103,152,0.305,E,"E Sequoia Div 2"
3,70,105,0.318,E,"E Sierra Div 1"
3,68,103,0.328,E,"E Sierra Div 2"
3,87,135,0.285,E,"E Skyline Div 1"
3,89,124,0.296,E,"E Skyline Div 2"
3,88,149,0.354,E,"E Sugarloaf Div 1"
3,112,169,0.311,E,"E Sugarloaf Div 2"
3,88,120,0.290,E,"E Tundra Div 1"
3,86,134,0.344,E,"E Tundra Div 2"
3,77,130,0.394,R,"R Alpine Div 1"
3,61,124,0.450,R,"R Alpine Div 2"
3,75,166,0.466,R,"R Arcadia Div 1"
3,76,146,0.456,R,"R Arcadia Div 2"
3,81,173,0.456,R,"R Atlantic"
3,43,106,0.459,R,"R Badlands Div 1"
3,56,92,0.383,R,"R Badlands Div 2"
3,104,183,0.396,R,"R Bayou"
3,66,136,0.464,R,"R Cascade Div 1"
3,86,127,0.345,R,"R Cascade Div 2"
3,59,111,0.479,R,"R Central Div 1"
3,52,101,0.464,R,"R Central Div 2"
3,77,153,0.456,R,"R Coastal"
3,99,194,0.442,R,"R Continental"
3,74,103,0.340,R,"R Corridor Div 1"
3,58,102,0.423,R,"R Corridor Div 2"
3,82,152,0.398,R,"R Fjord"
3,79,135,0.383,R,"R Frontier"
3,51,90,0.425,R,"R Highland Div 1"
3,53,83,0.305,R,"R Highland Div 2"
3,61,114,0.354,R,"R Horizon Div 1"
3,57,89,0.432,R,"R Horizon Div 2"
3,94,156,0.370,R,"R Laguna Div 1"
3,76,157,0.452,R,"R Laguna Div 2"
3,74,146,0.484,R,"R Magnolia Div 1"
3,75,124,0.381,R,"R Magnolia Div 2"
3,83,168,0.457,R,"R Maritime"
3,70,132,0.422,R,"R Memorial Div 1"
3,85,147,0.380,R,"R Memorial Div 2"
3,77,131,0.384,R,"R Meridian Div 1"
3,57,132,0.462,R,"R Meridian Div 2"
3,65,110,0.385,R,"R Metro Div 1"
3,58,113,0.382,R,"R Metro Div 2"
3,55,95,0.365,R,"R Midland Div 1"
3,72,107,0.379,R,"R Midland Div 2"
3,65,120,0.423,R,"R Morningstar Div 1"
3,59,86,0.351,R,"R Morningstar Div 2"
3,64,92,0.337,R,"R Pacific Div 1"
3,56,91,0.385,R,"R Pacific Div 2"
3,102,157,0.393,R,"R Piedmont"
3,69,119,0.384,R,"R Plaza"
3,83,126,0.364,R,"R Seaboard Div 1"
3,57,110,0.381,R,"R Seaboard Div 2"
3,79,141,0.400,R,"R Sequoia Div 1"
3,70,114,0.371,R,"R Sequoia Div 2"
3,74,138,0.475,R,"R Sierra"
3,72,162,0.456,R,"R Skyline Div 1"
3,65,99,0.362,R,"R Skyline Div 2"
3,63,113,0.416,R,"R Sugarloaf Div 1"
3,91,173,0.419,R,"R Sugarloaf Div 2"
3,74,128,0.399,R,"R Tundra"
2,2,16,0.737,A,"A Arcadia"
2,4,48,0.682,A,"A Atlantic"
2,1,19,0.794,A,"A Bayou"
2,2,17,0.792,A,"A Central"
2,1,27,0.734,A,"A Coastal"
2,4,23,0.741,A,"A Corridor"
2,2,32,0.741,A,"A Highland"
2,2,16,0.792,A,"A Horizon"
2,1,25,0.744,A,"A Magnolia"
2,1,15,0.764,A,"A Maritime"
2,3,25,0.733,A,"A Memorial"
2,3,36,0.707,A,"A Meridian"
2,2,35,0.708,A,"A Metro"
2,5,46,0.707,A,"A Morningstar"
2,3,45,0.719,A,"A Pacific"
2,1,22,0.776,A,"A Piedmont"
2,3,39,0.717,A,"A Plaza"
2,2,47,0.676,A,"A Seaboard"
2,1,17,0.762,A,"A Sequoia"
2,2,35,0.703,A,"A Sierra"
2,4,35,0.736,A,"A Skyline"
2,3,18,0.748,A,"A Sugarloaf"
2,1,25,0.756,A,"A Tundra"
2,16,69,0.618,B,"B Alpine"
2,7,58,0.648,B,"B Arcadia"
2,10,77,0.638,B,"B Atlantic"
2,4,50,0.678,B,"B Badlands"
2,9,50,0.673,B,"B Bayou"
2,7,71,0.634,B,"B Cascade"
2,6,44,0.693,B,"B Central"
2,5,64,0.634,B,"B Coastal"
2,8,66,0.664,B,"B Continental"
2,16,100,0.569,B,"B Corridor"
2,7,73,0.634,B,"B Fjord"
2,9,60,0.651,B,"B Frontier"
2,18,104,0.574,B,"B Highland"
2,10,62,0.631,B,"B Horizon"
2,8,62,0.656,B,"B Laguna"
2,1,27,0.737,B,"B Magnolia"
2,12,69,0.630,B,"B Maritime"
2,11,80,0.565,B,"B Memorial"
2,9,55,0.642,B,"B Meridian"
2,26,106,0.557,B,"B Metro"
2,10,84,0.620,B,"B Midland"
2,16,67,0.644,B,"B Morningstar"
2,4,72,0.660,B,"B Pacific"
2,9,56,0.641,B,"B Piedmont"
2,10,84,0.610,B,"B Plaza"
2,22,102,0.562,B,"B Seaboard"
2,9,82,0.612,B,"B Sequoia"
2,13,84,0.614,B,"B Sierra"
2,7,66,0.617,B,"B Skyline"
2,10,69,0.617,B,"B Sugarloaf"
2,9,56,0.625,B,"B Tundra"
2,20,78,0.529,C,"C Alpine Div 1"
2,20,72,0.540,C,"C Alpine Div 2"
2,19,97,0.565,C,"C Arcadia Div 1"
2,19,90,0.573,C,"C Arcadia Div 2"
2,40,120,0.455,C,"C Atlantic Div 1"
2,27,84,0.504,C,"C Atlantic Div 2"
2,17,95,0.539,C,"C Badlands Div 1"
2,17,88,0.554,C,"C Badlands Div 2"
2,15,85,0.552,C,"C Bayou Div 1"
2,25,83,0.544,C,"C Bayou Div 2"
2,20,99,0.551,C,"C Cascade Div 1"
2,28,110,0.514,C,"C Cascade Div 2"
2,11,74,0.592,C,"C Central"
2,19,131,0.550,C,"C Coastal"
2,19,77,0.573,C,"C Continental Div 1"
2,16,85,0.539,C,"C Continental Div 2"
2,34,121,0.480,C,"C Corridor Div 1"
2,26,93,0.459,C,"C Corridor Div 2"
2,38,159,0.524,C,"C Fjord"
2,34,129,0.563,C,"C Frontier"
2,30,103,0.485,C,"C Highland Div 1"
2,33,103,0.485,C,"C Highland Div 2"
2,15,60,0.537,C,"C Horizon Div 1"
2,10,81,0.568,C,"C Horizon Div 2"
2,16,92,0.549,C,"C Laguna Div 1"
2,21,104,0.532,C,"C Laguna Div 2"
2,24,118,0.554,C,"C Magnolia Div 1"
2,25,122,0.563,C,"C Magnolia Div 2"
2,24,116,0.521,C,"C Maritime"
2,15,71,0.587,C,"C Memorial Div 1"
2,26,104,0.476,C,"C Memorial Div 2"
2,13,82,0.539,C,"C Meridian Div 1"
2,14,87,0.521,C,"C Meridian Div 2"
2,28,137,0.514,C,"C Metro"
2,26,103,0.502,C,"C Midland Div 1"
2,13,73,0.554,C,"C Midland Div 2"
2,27,136,0.565,C,"C Morningstar"
2,24,103,0.532,C,"C Pacific Div 1"
2,23,107,0.540,C,"C Pacific Div 2"
2,26,130,0.555,C,"C Piedmont"
2,31,115,0.501,C,"C Plaza"
2,21,93,0.509,C,"C Seaboard Div 1"
2,29,114,0.491,C,"C Seaboard Div 2"
2,39,162,0.547,C,"C Sequoia"
2,51,189,0.500,C,"C Sierra"
2,33,167,0.526,C,"C Skyline"
2,13,82,0.568,C,"C Sugarloaf Div 1"
2,11,62,0.602,C,"C Sugarloaf Div 2"
2,24,110,0.546,C,"C Tundra Div 1"
2,28,131,0.528,C,"C Tundra Div 2"
2,63,172,0.437,D,"D Alpine Div 1"
2,60,179,0.426,D,"D Alpine Div 2"
2,69,206,0.417,D,"D Arcadia Div 1"
2,54,180,0.470,D,"D Arcadia Div 2"
2,55,173,0.423,D,"D Atlantic Div 1"
2,49,162,0.421,D,"D Atlantic Div 2"
2,35,153,0.448,D,"D Badlands Div 1"
2,56,155,0.457,D,"D Badlands Div 2"
2,62,182,0.447,D,"D Bayou Div 1"
2,55,183,0.431,D,"D Bayou Div 2"
2,70,223,0.424,D,"D Cascade Div 1"
2,72,238,0.432,D,"D Cascade Div 2"
2,26,107,0.515,D,"D Central Div 1"
2,23,106,0.525,D,"D Central Div 2"
2,29,118,0.451,D,"D Coastal Div 1"
2,36,134,0.457,D,"D Coastal Div 2"
2,53,196,0.475,D,"D Continental Div 1"
2,47,159,0.462,D,"D Continental Div 2"
2,70,172,0.417,D,"D Corridor Div 1"
2,64,193,0.395,D,"D Corridor Div 2"
2,32,137,0.482,D,"D Fjord Div 1"
2,36,146,0.455,D,"D Fjord Div 2"
2,49,147,0.464,D,"D Frontier Div 1"
2,61,164,0.416,D,"D Frontier Div 2"
2,81,191,0.383,D,"D Highland Div 1"
2,82,216,0.381,D,"D Highland Div 2"
2,58,173,0.435,D,"D Horizon Div 1"
2,34,150,0.455,D,"D Horizon Div 2"
2,56,168,0.417,D,"D Laguna Div 1"
2,58,175,0.414,D,"D Laguna Div 2"
2,42,172,0.462,D,"D Magnolia Div 1"
2,45,145,0.463,D,"D Magnolia Div 2"
2,46,127,0.446,D,"D Magnolia Div 3"
2,48,154,0.451,D,"D Maritime Div 1"
2,45,159,0.447,D,"D Maritime Div 2"
2,40,149,0.482,D,"D Memorial Div 1"
2,68,225,0.401,D,"D Memorial Div 2"
2,58,137,0.441,D,"D Meridian Div 1"
2,46,144,0.444,D,"D Meridian Div 2"
2,64,159,0.417,D,"D Metro Div 1"
2,63,171,0.404,D,"D Metro Div 2"
2,41,150,0.446,D,"D Midland Div 1"
2,66,183,0.420,D,"D Midland Div 2"
2,41,158,0.438,D,"D Morningstar Div 1"
2,34,111,0.492,D,"D Morningstar Div 2"
2,52,162,0.424,D,"D Pacific Div 1"
2,47,149,0.457,D,"D Pacific Div 2"
2,56,157,0.453,D,"D Piedmont Div 1"
2,58,150,0.457,D,"D Piedmont Div 2"
2,37,120,0.463,D,"D Plaza Div 1"
2,37,109,0.438,D,"D Plaza Div 2"
2,57,179,0.417,D,"D Seaboard Div 1"
2,53,168,0.402,D,"D Seaboard Div 2"
2,70,196,0.419,D,"D Sequoia Div 1"
2,35,165,0.482,D,"D Sequoia Div 2"
2,47,171,0.465,D,"D Sierra Div 1"
2,38,150,0.481,D,"D Sierra Div 2"
2,66,175,0.418,D,"D Skyline Div 1"
2,69,175,0.386,D,"D Skyline Div 2"
2,62,198,0.464,D,"D Sugarloaf Div 1"
2,42,150,0.483,D,"D Sugarloaf Div 2"
2,66,171,0.416,D,"D Tundra Div 1"
2,51,135,0.439,D,"D Tundra Div 2"
2,93,183,0.278,E,"E Alpine Div 1"
2,100,189,0.322,E,"E Alpine Div 2"
2,107,213,0.328,E,"E Arcadia Div 1"
2,108,226,0.282,E,"E Arcadia Div 2"
2,72,155,0.307,E,"E Atlantic Div 1"
2,83,182,0.319,E,"E Atlantic Div 2"
2,91,206,0.326,E,"E Badlands Div 1"
2,91,196,0.343,E,"E Badlands Div 2"
2,102,223,0.287,E,"E Bayou Div 1"
2,91,195,0.306,E,"E Bayou Div 2"
2,77,168,0.291,E,"E Cascade Div 1"
2,89,174,0.281,E,"E Cascade Div 2"
2,75,159,0.314,E,"E Cascade Div 3"
2,55,175,0.407,E,"E Central Div 1"
2,64,156,0.317,E,"E Central Div 2"
2,86,178,0.288,E,"E Coastal Div 1"
2,78,190,0.331,E,"E Coastal Div 2"
2,98,208,0.314,E,"E Continental Div 1"
2,99,237,0.324,E,"E Continental Div 2"
2,68,145,0.325,E,"E Corridor Div 1"
2,63,110,0.281,E,"E Corridor Div 2"
2,71,160,0.364,E,"E Fjord Div 1"
2,77,149,0.292,E,"E Fjord Div 2"
2,93,187,0.308,E,"E Frontier Div 1"
2,84,197,0.325,E,"E Frontier Div 2"
2,85,168,0.292,E,"E Highland Div 1"
2,69,147,0.289,E,"E Highland Div 2"
2,102,205,0.301,E,"E Horizon Div 1"
2,89,188,0.312,E,"E Horizon Div 2"
2,93,204,0.320,E,"E Laguna Div 1"
2,93,183,0.306,E,"E Laguna Div 2"
2,123,242,0.297,E,"E Magnolia Div 1"
2,114,231,0.323,E,"E Magnolia Div 2"
2,93,208,0.307,E,"E Maritime Div 1"
2,85,220,0.322,E,"E Maritime Div 2"
2,96,211,0.312,E,"E Memorial Div 1"
2,115,234,0.275,E,"E Memorial Div 2"
2,82,171,0.306,E,"E Meridian Div 1"
2,71,159,0.330,E,"E Meridian Div 2"
2,85,219,0.338,E,"E Metro Div 1"
2,93,180,0.281,E,"E Metro Div 2"
2,71,172,0.331,E,"E Midland Div 1"
2,91,189,0.310,E,"E Midland Div 2"
2,88,178,0.311,E,"E Morningstar Div 1"
2,60,144,0.335,E,"E Morningstar Div 2"
2,83,181,0.294,E,"E Pacific Div 1"
2,101,196,0.315,E,"E Pacific Div 2"
2,86,230,0.335,E,"E Piedmont Div 1"
2,101,200,0.298,E,"E Piedmont Div 2"
2,100,206,0.322,E,"E Plaza"
2,105,226,0.320,E,"E Seaboard Div 1"
2,86,204,0.308,E,"E Seaboard Div 2"
2,107,252,0.317,E,"E Sequoia Div 1"
2,114,239,0.305,E,"E Sequoia Div 2"
2,72,158,0.318,E,"E Sierra Div 1"
2,66,168,0.328,E,"E Sierra Div 2"
2,110,231,0.285,E,"E Skyline Div 1"
2,106,208,0.296,E,"E Skyline Div 2"
2,89,208,0.354,E,"E Sugarloaf Div 1"
2,105,195,0.311,E,"E Sugarloaf Div 2"
2,92,201,0.290,E,"E Tundra Div 1"
2,78,166,0.344,E,"E Tundra Div 2"
2,68,139,0.394,R,"R Alpine Div 1"
2,49,142,0.450,R,"R Alpine Div 2"
2,39,133,0.466,R,"R Arcadia Div 1"
2,47,133,0.456,R,"R Arcadia Div 2"
2,62,158,0.456,R,"R Atlantic"
2,41,131,0.459,R,"R Badlands Div 1"
2,42,110,0.383,R,"R Badlands Div 2"
2,73,197,0.396,R,"R Bayou"
2,49,131,0.464,R,"R Cascade Div 1"
2,85,162,0.345,R,"R Cascade Div 2"
2,28,92,0.479,R,"R Central Div 1"
2,35,99,0.464,R,"R Central Div 2"
2,49,163,0.456,R,"R Coastal"
2,69,178,0.442,R,"R Continental"
2,58,116,0.340,R,"R Corridor Div 1"
2,42,100,0.423,R,"R Corridor Div 2"
2,62,148,0.398,R,"R Fjord"
2,66,155,0.383,R,"R Frontier"
2,35,94,0.425,R,"R Highland Div 1"
2,62,128,0.305,R,"R Highland Div 2"
2,59,125,0.354,R,"R Horizon Div 1"
2,36,100,0.432,R,"R Horizon Div 2"
2,87,187,0.370,R,"R Laguna Div 1"
2,52,148,0.452,R,"R Laguna Div 2"
2,42,142,0.484,R,"R Magnolia Div 1"
2,78,185,0.381,R,"R Magnolia Div 2"
2,65,179,0.457,R,"R Maritime"
2,54,155,0.422,R,"R Memorial Div 1"
2,64,154,0.380,R,"R Memorial Div 2"
2,60,146,0.384,R,"R Meridian Div 1"
2,30,100,0.462,R,"R Meridian Div 2"
2,47,105,0.385,R,"R Metro Div 1"
2,54,115,0.382,R,"R Metro Div 2"
2,59,137,0.365,R,"R Midland Div 1"
2,47,118,0.379,R,"R Midland Div 2"
2,54,131,0.423,R,"R Morningstar Div 1"
2,49,120,0.351,R,"R Morningstar Div 2"
2,61,133,0.337,R,"R Pacific Div 1"
2,43,95,0.385,R,"R Pacific Div 2"
2,58,151,0.393,R,"R Piedmont"
2,73,151,0.384,R,"R Plaza"
2,51,130,0.364,R,"R Seaboard Div 1"
2,49,122,0.381,R,"R Seaboard Div 2"
2,48,132,0.400,R,"R Sequoia Div 1"
2,57,123,0.371,R,"R Sequoia Div 2"
2,60,152,0.475,R,"R Sierra"
2,36,123,0.456,R,"R Skyline Div 1"
2,58,127,0.362,R,"R Skyline Div 2"
2,62,118,0.416,R,"R Sugarloaf Div 1"
2,54,134,0.419,R,"R Sugarloaf Div 2"
2,63,133,0.399,R,"R Tundra"
1,1,4,0.741,A,"A Highland"
1,1,3,0.792,A,"A Horizon"
1,1,7,0.707,A,"A Morningstar"
1,2,19,0.648,B,"B Arcadia"
1,1,10,0.673,B,"B Bayou"
1,3,19,0.634,B,"B Cascade"
1,1,7,0.693,B,"B Central"
1,3,16,0.634,B,"B Coastal"
1,3,30,0.569,B,"B Corridor"
1,1,13,0.651,B,"B Frontier"
1,1,26,0.574,B,"B Highland"
1,2,21,0.631,B,"B Horizon"
1,1,2,0.737,B,"B Magnolia"
1,3,12,0.630,B,"B Maritime"
1,1,16,0.565,B,"B Memorial"
1,1,14,0.642,B,"B Meridian"
1,6,40,0.557,B,"B Metro"
1,2,21,0.644,B,"B Morningstar"
1,1,11,0.641,B,"B Piedmont"
1,2,18,0.610,B,"B Plaza"
1,6,38,0.562,B,"B Seaboard"
1,2,22,0.612,B,"B Sequoia"
1,1,13,0.617,B,"B Skyline"
1,1,24,0.617,B,"B Sugarloaf"
1,2,18,0.625,B,"B Tundra"
1,2,36,0.529,C,"C Alpine Div 1"
1,5,36,0.540,C,"C Alpine Div 2"
1,5,36,0.565,C,"C Arcadia Div 1"
1,2,30,0.573,C,"C Arcadia Div 2"
1,5,53,0.455,C,"C Atlantic Div 1"
1,2,35,0.504,C,"C Atlantic Div 2"
1,2,39,0.539,C,"C Badlands Div 1"
1,3,31,0.554,C,"C Badlands Div 2"
1,2,38,0.552,C,"C Bayou Div 1"
1,5,37,0.544,C,"C Bayou Div 2"
1,4,37,0.551,C,"C Cascade Div 1"
1,3,50,0.514,C,"C Cascade Div 2"
1,4,39,0.550,C,"C Coastal"
1,1,24,0.573,C,"C Continental Div 1"
1,3,36,0.539,C,"C Continental Div 2"
1,7,43,0.480,C,"C Corridor Div 1"
1,8,43,0.459,C,"C Corridor Div 2"
1,8,55,0.524,C,"C Fjord"
1,4,43,0.563,C,"C Frontier"
1,10,53,0.485,C,"C Highland Div 1"
1,6,45,0.485,C,"C Highland Div 2"
1,1,15,0.537,C,"C Horizon Div 1"
1,2,30,0.568,C,"C Horizon Div 2"
1,4,43,0.549,C,"C Laguna Div 1"
1,3,46,0.532,C,"C Laguna Div 2"
1,1,38,0.554,C,"C Magnolia Div 1"
1,3,38,0.563,C,"C Magnolia Div 2"
1,5,49,0.521,C,"C Maritime"
1,1,22,0.587,C,"C Memorial Div 1"
1,4,46,0.476,C,"C Memorial Div 2"
1,7,38,0.539,C,"C Meridian Div 1"
1,7,36,0.521,C,"C Meridian Div 2"
1,9,68,0.514,C,"C Metro"
1,4,42,0.502,C,"C Midland Div 1"
1,3,37,0.554,C,"C Midland Div 2"
1,2,67,0.565,C,"C Morningstar"
1,4,42,0.532,C,"C Pacific Div 1"
1,3,33,0.540,C,"C Pacific Div 2"
1,6,45,0.555,C,"C Piedmont"
1,7,62,0.501,C,"C Plaza"
1,4,40,0.509,C,"C Seaboard Div 1"
1,6,39,0.491,C,"C Seaboard Div 2"
1,7,51,0.547,C,"C Sequoia"
1,5,83,0.500,C,"C Sierra"
1,7,62,0.526,C,"C Skyline"
1,2,32,0.568,C,"C Sugarloaf Div 1"
1,2,24,0.602,C,"C Sugarloaf Div 2"
1,1,38,0.546,C,"C Tundra Div 1"
1,4,36,0.528,C,"C Tundra Div 2"
1,16,104,0.437,D,"D Alpine Div 1"
1,17,96,0.426,D,"D Alpine Div 2"
1,17,108,0.417,D,"D Arcadia Div 1"
1,13,75,0.470,D,"D Arcadia Div 2"
1,24,114,0.423,D,"D Atlantic Div 1"
1,23,93,0.421,D,"D Atlantic Div 2"
1,20,117,0.448,D,"D Badlands Div 1"
1,16,84,0.457,D,"D Badlands Div 2"
1,15,102,0.447,D,"D Bayou Div 1"
1,14,103,0.431,D,"D Bayou Div 2"
1,14,160,0.424,D,"D Cascade Div 1"
1,17,104,0.432,D,"D Cascade Div 2"
1,7,51,0.515,D,"D Central Div 1"
1,6,49,0.525,D,"D Central Div 2"
1,12,70,0.451,D,"D Coastal Div 1"
1,9,65,0.457,D,"D Coastal Div 2"
1,12,79,0.475,D,"D Continental Div 1"
1,19,97,0.462,D,"D Continental Div 2"
1,20,98,0.417,D,"D Corridor Div 1"
1,26,111,0.395,D,"D Corridor Div 2"
1,6,51,0.482,D,"D Fjord Div 1"
1,8,73,0.455,D,"D Fjord Div 2"
1,10,55,0.464,D,"D Frontier Div 1"
1,15,92,0.416,D,"D Frontier Div 2"
1,20,116,0.383,D,"D Highland Div 1"
1,29,149,0.381,D,"D Highland Div 2"
1,20,106,0.435,D,"D Horizon Div 1"
1,12,87,0.455,D,"D Horizon Div 2"
1,13,110,0.417,D,"D Laguna Div 1"
1,25,113,0.414,D,"D Laguna Div 2"
1,14,77,0.462,D,"D Magnolia Div 1"
1,15,74,0.463,D,"D Magnolia Div 2"
1,12,72,0.446,D,"D Magnolia Div 3"
1,15,98,0.451,D,"D Maritime Div 1"
1,19,77,0.447,D,"D Maritime Div 2"
1,11,85,0.482,D,"D Memorial Div 1"
1,18,120,0.401,D,"D Memorial Div 2"
1,21,81,0.441,D,"D Meridian Div 1"
1,11,91,0.444,D,"D Meridian Div 2"
1,9,97,0.417,D,"D Metro Div 1"
1,17,112,0.404,D,"D Metro Div 2"
1,13,88,0.446,D,"D Midland Div 1"
1,12,100,0.420,D,"D Midland Div 2"
1,18,97,0.438,D,"D Morningstar Div 1"
1,8,51,0.492,D,"D Morningstar Div 2"
1,17,95,0.424,D,"D Pacific Div 1"
1,5,69,0.457,D,"D Pacific Div 2"
1,12,96,0.453,D,"D Piedmont Div 1"
1,14,80,0.457,D,"D Piedmont Div 2"
1,9,52,0.463,D,"D Plaza Div 1"
1,14,62,0.438,D,"D Plaza Div 2"
1,24,114,0.417,D,"D Seaboard Div 1"
1,22,106,0.402,D,"D Seaboard Div 2"
1,13,116,0.419,D,"D Sequoia Div 1"
1,11,66,0.482,D,"D Sequoia Div 2"
1,9,66,0.465,D,"D Sierra Div 1"
1,10,73,0.481,D,"D Sierra Div 2"
1,19,108,0.418,D,"D Skyline Div 1"
1,22,105,0.386,D,"D Skyline Div 2"
1,10,97,0.464,D,"D Sugarloaf Div 1"
1,11,74,0.483,D,"D Sugarloaf Div 2"
1,18,111,0.416,D,"D Tundra Div 1"
1,15,96,0.439,D,"D Tundra Div 2"
1,61,209,0.278,E,"E Alpine Div 1"
1,51,173,0.322,E,"E Alpine Div 2"
1,52,178,0.328,E,"E Arcadia Div 1"
1,58,213,0.282,E,"E Arcadia Div 2"
1,42,164,0.307,E,"E Atlantic Div 1"
1,44,163,0.319,E,"E Atlantic Div 2"
1,45,207,0.326,E,"E Badlands Div 1"
1,37,169,0.343,E,"E Badlands Div 2"
1,67,225,0.287,E,"E Bayou Div 1"
1,56,192,0.306,E,"E Bayou Div 2"
1,50,172,0.291,E,"E Cascade Div 1"
1,49,188,0.281,E,"E Cascade Div 2"
1,36,150,0.314,E,"E Cascade Div 3"
1,26,118,0.407,E,"E Central Div 1"
1,42,177,0.317,E,"E Central Div 2"
1,54,169,0.288,E,"E Coastal Div 1"
1,35,139,0.331,E,"E Coastal Div 2"
1,60,190,0.314,E,"E Continental Div 1"
1,45,177,0.324,E,"E Continental Div 2"
1,36,143,0.325,E,"E Corridor Div 1"
1,47,157,0.281,E,"E Corridor Div 2"
1,27,133,0.364,E,"E Fjord Div 1"
1,44,137,0.292,E,"E Fjord Div 2"
1,60,205,0.308,E,"E Frontier Div 1"
1,38,154,0.325,E,"E Frontier Div 2"
1,45,152,0.292,E,"E Highland Div 1"
1,47,176,0.289,E,"E Highland Div 2"
1,52,181,0.301,E,"E Horizon Div 1"
1,55,202,0.312,E,"E Horizon Div 2"
1,49,173,0.320,E,"E Laguna Div 1"
1,57,191,0.306,E,"E Laguna Div 2"
1,59,231,0.297,E,"E Magnolia Div 1"
1,49,179,0.323,E,"E Magnolia Div 2"
1,50,162,0.307,E,"E Maritime Div 1"
1,37,167,0.322,E,"E Maritime Div 2"
1,57,210,0.312,E,"E Memorial Div 1"
1,71,236,0.275,E,"E Memorial Div 2"
1,43,157,0.306,E,"E Meridian Div 1"
1,37,147,0.330,E,"E Meridian Div 2"
1,38,176,0.338,E,"E Metro Div 1"
1,58,181,0.281,E,"E Metro Div 2"
1,37,170,0.331,E,"E Midland Div 1"
1,36,152,0.310,E,"E Midland Div 2"
1,39,167,0.311,E,"E Morningstar Div 1"
1,45,146,0.335,E,"E Morningstar Div 2"
1,42,185,0.294,E,"E Pacific Div 1"
1,38,168,0.315,E,"E Pacific Div 2"
1,46,183,0.335,E,"E Piedmont Div 1"
1,42,182,0.298,E,"E Piedmont Div 2"
1,43,147,0.322,E,"E Plaza"
1,50,201,0.320,E,"E Seaboard Div 1"
1,41,190,0.308,E,"E Seaboard Div 2"
1,50,195,0.317,E,"E Sequoia Div 1"
1,64,243,0.305,E,"E Sequoia Div 2"
1,34,126,0.318,E,"E Sierra Div 1"
1,26,121,0.328,E,"E Sierra Div 2"
1,68,233,0.285,E,"E Skyline Div 1"
1,64,207,0.296,E,"E Skyline Div 2"
1,35,161,0.354,E,"E Sugarloaf Div 1"
1,46,200,0.311,E,"E Sugarloaf Div 2"
1,54,177,0.290,E,"E Tundra Div 1"
1,36,130,0.344,E,"E Tundra Div 2"
1,25,91,0.394,R,"R Alpine Div 1"
1,20,103,0.450,R,"R Alpine Div 2"
1,23,101,0.466,R,"R Arcadia Div 1"
1,18,80,0.456,R,"R Arcadia Div 2"
1,23,105,0.456,R,"R Atlantic"
1,13,53,0.459,R,"R Badlands Div 1"
1,20,93,0.383,R,"R Badlands Div 2"
1,42,151,0.396,R,"R Bayou"
1,21,98,0.464,R,"R Cascade Div 1"
1,27,124,0.345,R,"R Cascade Div 2"
1,8,57,0.479,R,"R Central Div 1"
1,13,50,0.464,R,"R Central Div 2"
1,23,113,0.456,R,"R Coastal"
1,32,142,0.442,R,"R Continental"
1,31,119,0.340,R,"R Corridor Div 1"
1,11,70,0.423,R,"R Corridor Div 2"
1,30,125,0.398,R,"R Fjord"
1,34,144,0.383,R,"R Frontier"
1,20,93,0.425,R,"R Highland Div 1"
1,44,125,0.305,R,"R Highland Div 2"
1,28,99,0.354,R,"R Horizon Div 1"
1,15,94,0.432,R,"R Horizon Div 2"
1,31,128,0.370,R,"R Laguna Div 1"
1,16,85,0.452,R,"R Laguna Div 2"
1,24,76,0.484,R,"R Magnolia Div 1"
1,34,133,0.381,R,"R Magnolia Div 2"
1,13,112,0.457,R,"R Maritime"
1,24,114,0.422,R,"R Memorial Div 1"
1,25,112,0.380,R,"R Memorial Div 2"
1,15,97,0.384,R,"R Meridian Div 1"
1,8,77,0.462,R,"R Meridian Div 2"
1,36,122,0.385,R,"R Metro Div 1"
1,22,94,0.382,R,"R Metro Div 2"
1,21,87,0.365,R,"R Midland Div 1"
1,25,83,0.379,R,"R Midland Div 2"
1,22,112,0.423,R,"R Morningstar Div 1"
1,33,115,0.351,R,"R Morningstar Div 2"
1,33,93,0.337,R,"R Pacific Div 1"
1,23,65,0.385,R,"R Pacific Div 2"
1,34,144,0.393,R,"R Piedmont"
1,39,117,0.384,R,"R Plaza"
1,36,103,0.364,R,"R Seaboard Div 1"
1,30,125,0.381,R,"R Seaboard Div 2"
1,22,104,0.400,R,"R Sequoia Div 1"
1,23,101,0.371,R,"R Sequoia Div 2"
1,18,113,0.475,R,"R Sierra"
1,11,78,0.456,R,"R Skyline Div 1"
1,33,122,0.362,R,"R Skyline Div 2"
1,31,112,0.416,R,"R Sugarloaf Div 1"
1,13,79,0.419,R,"R Sugarloaf Div 2"
1,51,140,0.399,R,"R Tundra"
0,1,14,0.737,A,"A Arcadia"
0,1,1,0.651,B,"B Frontier"
0,1,23,0.565,B,"B Memorial"
0,2,17,0.455,C,"C Atlantic Div 1"
0,1,11,0.504,C,"C Atlantic Div 2"
0,1,8,0.552,C,"C Bayou Div 1"
0,2,5,0.544,C,"C Bayou Div 2"
0,1,8,0.549,C,"C Laguna Div 1"
0,2,15,0.554,C,"C Magnolia Div 1"
0,1,12,0.501,C,"C Plaza"
0,1,5,0.509,C,"C Seaboard Div 1"
0,1,3,0.602,C,"C Sugarloaf Div 2"
0,1,20,0.437,D,"D Alpine Div 1"
0,1,46,0.417,D,"D Arcadia Div 1"
0,1,18,0.470,D,"D Arcadia Div 2"
0,2,24,0.421,D,"D Atlantic Div 2"
0,1,24,0.457,D,"D Badlands Div 2"
0,1,23,0.447,D,"D Bayou Div 1"
0,3,36,0.432,D,"D Cascade Div 2"
0,2,19,0.451,D,"D Coastal Div 1"
0,2,30,0.417,D,"D Corridor Div 1"
0,1,42,0.395,D,"D Corridor Div 2"
0,2,17,0.464,D,"D Frontier Div 1"
0,3,33,0.383,D,"D Highland Div 1"
0,1,53,0.381,D,"D Highland Div 2"
0,1,24,0.435,D,"D Horizon Div 1"
0,1,26,0.455,D,"D Horizon Div 2"
0,1,31,0.414,D,"D Laguna Div 2"
0,1,18,0.463,D,"D Magnolia Div 2"
0,2,27,0.446,D,"D Magnolia Div 3"
0,3,25,0.447,D,"D Maritime Div 2"
0,1,25,0.441,D,"D Meridian Div 1"
0,6,22,0.417,D,"D Metro Div 1"
0,1,17,0.446,D,"D Midland Div 1"
0,1,23,0.492,D,"D Morningstar Div 2"
0,1,9,0.453,D,"D Piedmont Div 1"
0,3,16,0.438,D,"D Plaza Div 2"
0,1,23,0.417,D,"D Seaboard Div 1"
0,1,33,0.402,D,"D Seaboard Div 2"
0,1,20,0.419,D,"D Sequoia Div 1"
0,1,11,0.481,D,"D Sierra Div 2"
0,2,28,0.418,D,"D Skyline Div 1"
0,1,71,0.386,D,"D Skyline Div 2"
0,3,31,0.416,D,"D Tundra Div 1"
0,1,15,0.439,D,"D Tundra Div 2"
0,9,105,0.278,E,"E Alpine Div 1"
0,8,80,0.322,E,"E Alpine Div 2"
0,8,79,0.328,E,"E Arcadia Div 1"
0,4,117,0.282,E,"E Arcadia Div 2"
0,3,91,0.307,E,"E Atlantic Div 1"
0,2,63,0.319,E,"E Atlantic Div 2"
0,3,78,0.326,E,"E Badlands Div 1"
0,3,56,0.343,E,"E Badlands Div 2"
0,4,105,0.287,E,"E Bayou Div 1"
0,8,87,0.306,E,"E Bayou Div 2"
0,6,81,0.291,E,"E Cascade Div 1"
0,2,80,0.281,E,"E Cascade Div 2"
0,2,70,0.314,E,"E Cascade Div 3"
0,3,90,0.317,E,"E Central Div 2"
0,4,86,0.288,E,"E Coastal Div 1"
0,1,59,0.331,E,"E Coastal Div 2"
0,6,101,0.314,E,"E Continental Div 1"
0,2,86,0.324,E,"E Continental Div 2"
0,7,60,0.325,E,"E Corridor Div 1"
0,3,71,0.281,E,"E Corridor Div 2"
0,1,40,0.364,E,"E Fjord Div 1"
0,7,85,0.292,E,"E Fjord Div 2"
0,3,86,0.308,E,"E Frontier Div 1"
0,5,75,0.292,E,"E Highland Div 1"
0,3,77,0.289,E,"E Highland Div 2"
0,4,95,0.301,E,"E Horizon Div 1"
0,3,80,0.312,E,"E Horizon Div 2"
0,1,82,0.320,E,"E Laguna Div 1"
0,4,84,0.306,E,"E Laguna Div 2"
0,9,94,0.297,E,"E Magnolia Div 1"
0,3,71,0.323,E,"E Magnolia Div 2"
0,4,99,0.307,E,"E Maritime Div 1"
0,2,62,0.322,E,"E Maritime Div 2"
0,8,104,0.312,E,"E Memorial Div 1"
0,3,133,0.275,E,"E Memorial Div 2"
0,2,82,0.306,E,"E Meridian Div 1"
0,1,57,0.330,E,"E Meridian Div 2"
0,2,61,0.338,E,"E Metro Div 1"
0,7,104,0.281,E,"E Metro Div 2"
0,2,78,0.331,E,"E Midland Div 1"
0,4,74,0.310,E,"E Midland Div 2"
0,2,69,0.311,E,"E Morningstar Div 1"
0,6,68,0.335,E,"E Morningstar Div 2"
0,5,73,0.294,E,"E Pacific Div 1"
0,3,74,0.315,E,"E Pacific Div 2"
0,2,55,0.335,E,"E Piedmont Div 1"
0,1,88,0.298,E,"E Piedmont Div 2"
0,2,91,0.322,E,"E Plaza"
0,4,80,0.320,E,"E Seaboard Div 1"
0,5,84,0.308,E,"E Seaboard Div 2"
0,6,110,0.317,E,"E Sequoia Div 1"
0,6,104,0.305,E,"E Sequoia Div 2"
0,2,48,0.318,E,"E Sierra Div 1"
0,3,46,0.328,E,"E Sierra Div 2"
0,3,119,0.285,E,"E Skyline Div 1"
0,8,95,0.296,E,"E Skyline Div 2"
0,4,79,0.354,E,"E Sugarloaf Div 1"
0,5,96,0.311,E,"E Sugarloaf Div 2"
0,6,102,0.290,E,"E Tundra Div 1"
0,8,62,0.344,E,"E Tundra Div 2"
0,8,66,0.394,R,"R Alpine Div 1"
0,2,28,0.450,R,"R Alpine Div 2"
0,4,47,0.456,R,"R Arcadia Div 2"
0,6,38,0.456,R,"R Atlantic"
0,1,15,0.459,R,"R Badlands Div 1"
0,1,43,0.383,R,"R Badlands Div 2"
0,10,74,0.396,R,"R Bayou"
0,1,30,0.464,R,"R Cascade Div 1"
0,5,56,0.345,R,"R Cascade Div 2"
0,1,24,0.479,R,"R Central Div 1"
0,3,16,0.464,R,"R Central Div 2"
0,3,51,0.456,R,"R Coastal"
0,2,60,0.442,R,"R Continental"
0,4,60,0.340,R,"R Corridor Div 1"
0,4,34,0.423,R,"R Corridor Div 2"
0,1,51,0.398,R,"R Fjord"
0,1,63,0.383,R,"R Frontier"
0,2,41,0.425,R,"R Highland Div 1"
0,4,74,0.305,R,"R Highland Div 2"
0,5,60,0.354,R,"R Horizon Div 1"
0,5,36,0.432,R,"R Horizon Div 2"
0,7,59,0.370,R,"R Laguna Div 1"
0,7,35,0.452,R,"R Laguna Div 2"
0,2,46,0.484,R,"R Magnolia Div 1"
0,7,63,0.381,R,"R Magnolia Div 2"
0,5,52,0.380,R,"R Memorial Div 2"
0,2,53,0.384,R,"R Meridian Div 1"
0,1,20,0.462,R,"R Meridian Div 2"
0,4,56,0.385,R,"R Metro Div 1"
0,6,71,0.382,R,"R Metro Div 2"
0,9,54,0.365,R,"R Midland Div 1"
0,4,33,0.379,R,"R Midland Div 2"
0,1,29,0.423,R,"R Morningstar Div 1"
0,4,70,0.351,R,"R Morningstar Div 2"
0,10,55,0.337,R,"R Pacific Div 1"
0,8,48,0.385,R,"R Pacific Div 2"
0,8,73,0.393,R,"R Piedmont"
0,8,53,0.384,R,"R Plaza"
0,5,59,0.364,R,"R Seaboard Div 1"
0,2,36,0.381,R,"R Seaboard Div 2"
0,1,45,0.400,R,"R Sequoia Div 1"
0,7,65,0.371,R,"R Sequoia Div 2"
0,6,32,0.475,R,"R Sierra"
0,2,24,0.456,R,"R Skyline Div 1"
0,2,38,0.362,R,"R Skyline Div 2"
0,3,41,0.416,R,"R Sugarloaf Div 1"
0,4,51,0.419,R,"R Sugarloaf Div 2"
0,6,74,0.399,R,"R Tundra"
