TCA,RundleQPct,Rundle,Matches,W,L,T
6,0.736,"A Alpine",80,68,0,12
5,0.736,"A Alpine",240,118,78,44
4,0.736,"A Alpine",203,63,97,43
3,0.736,"A Alpine",76,12,59,5
2,0.736,"A Alpine",29,0,25,4
1,0.736,"A Alpine",2,0,2,0
6,0.737,"A Arcadia",110,74,0,36
5,0.737,"A Arcadia",228,121,59,48
4,0.737,"A Arcadia",213,59,124,30
3,0.737,"A Arcadia",73,11,57,5
2,0.737,"A Arcadia",16,2,13,1
1,0.737,"A Arcadia",3,0,3,0
0,0.737,"A Arcadia",13,0,11,2
6,0.682,"A Atlantic",60,58,0,2
5,0.682,"A Atlantic",198,129,42,27
4,0.682,"A Atlantic",209,80,96,33
3,0.682,"A Atlantic",141,21,108,12
2,0.682,"A Atlantic",47,3,38,6
1,0.682,"A Atlantic",6,0,6,0
0,0.682,"A Atlantic",1,0,1,0
6,0.805,"A Badlands",165,119,0,46
5,0.805,"A Badlands",294,121,107,66
4,0.805,"A Badlands",175,27,119,29
3,0.805,"A Badlands",44,4,39,1
2,0.805,"A Badlands",6,0,6,0
6,0.794,"A Bayou",173,101,0,72
5,0.794,"A Bayou",233,96,96,41
4,0.794,"A Bayou",141,36,78,27
3,0.794,"A Bayou",54,6,44,4
2,0.794,"A Bayou",19,1,18,0
1,0.794,"A Bayou",4,0,4,0
6,0.786,"A Cascade",168,120,0,48
5,0.786,"A Cascade",268,132,105,31
4,0.786,"A Cascade",161,36,107,18
3,0.786,"A Cascade",69,4,61,4
2,0.786,"A Cascade",17,0,16,1
1,0.786,"A Cascade",2,0,2,0
0,0.786,"A Cascade",1,0,1,0
6,0.792,"A Central",157,105,0,52
5,0.792,"A Central",225,99,87,39
4,0.792,"A Central",148,36,97,15
3,0.792,"A Central",45,2,39,4
2,0.792,"A Central",16,1,15,0
1,0.792,"A Central",4,0,4,0
0,0.792,"A Central",1,0,1,0
6,0.734,"A Coastal",101,82,0,19
5,0.734,"A Coastal",239,128,65,46
4,0.734,"A Coastal",223,61,129,33
3,0.734,"A Coastal",88,13,63,12
2,0.734,"A Coastal",27,1,23,3
1,0.734,"A Coastal",6,0,5,1
6,0.807,"A Continental",192,129,0,63
5,0.807,"A Continental",268,101,111,56
4,0.807,"A Continental",159,31,102,26
3,0.807,"A Continental",53,6,45,2
2,0.807,"A Continental",10,0,7,3
1,0.807,"A Continental",2,0,2,0
6,0.741,"A Corridor",118,88,0,30
5,0.741,"A Corridor",201,95,65,41
4,0.741,"A Corridor",187,57,97,33
3,0.741,"A Corridor",104,11,74,19
2,0.741,"A Corridor",22,3,16,3
1,0.741,"A Corridor",1,0,1,0
0,0.741,"A Corridor",1,0,1,0
6,0.765,"A Fjord",131,97,0,34
5,0.765,"A Fjord",242,115,77,50
4,0.765,"A Fjord",179,42,107,30
3,0.765,"A Fjord",76,9,59,8
2,0.765,"A Fjord",15,0,15,0
1,0.765,"A Fjord",5,0,5,0
6,0.774,"A Frontier",141,114,0,27
5,0.774,"A Frontier",227,97,79,51
4,0.774,"A Frontier",180,43,114,23
3,0.774,"A Frontier",57,6,47,4
2,0.774,"A Frontier",16,0,15,1
1,0.774,"A Frontier",5,0,5,0
6,0.741,"A Highland",127,101,0,26
5,0.741,"A Highland",220,115,70,35
4,0.741,"A Highland",207,61,115,31
3,0.741,"A Highland",89,6,69,14
2,0.741,"A Highland",32,2,28,2
1,0.741,"A Highland",4,1,3,0
0,0.741,"A Highland",1,0,1,0
6,0.792,"A Horizon",160,111,0,49
5,0.792,"A Horizon",220,102,79,39
4,0.792,"A Horizon",157,36,111,10
3,0.792,"A Horizon",50,1,45,4
2,0.792,"A Horizon",15,1,14,0
1,0.792,"A Horizon",2,0,2,0
6,0.786,"A Laguna",153,108,0,45
5,0.786,"A Laguna",236,93,94,49
4,0.786,"A Laguna",165,42,97,26
3,0.786,"A Laguna",50,5,39,6
2,0.786,"A Laguna",17,0,15,2
1,0.786,"A Laguna",2,0,2,0
0,0.786,"A Laguna",1,0,1,0
6,0.744,"A Magnolia",105,84,0,21
5,0.744,"A Magnolia",222,114,65,43
4,0.744,"A Magnolia",196,52,109,35
3,0.744,"A Magnolia",79,9,60,10
2,0.744,"A Magnolia",25,1,23,1
1,0.744,"A Magnolia",3,0,3,0
6,0.764,"A Maritime",131,116,0,15
5,0.764,"A Maritime",248,117,100,31
4,0.764,"A Maritime",200,56,116,28
3,0.764,"A Maritime",68,3,56,9
2,0.764,"A Maritime",14,0,13,1
1,0.764,"A Maritime",4,0,4,0
0,0.764,"A Maritime",3,0,3,0
6,0.733,"A Memorial",93,70,0,23
5,0.733,"A Memorial",231,136,61,34
4,0.733,"A Memorial",194,55,118,21
3,0.733,"A Memorial",103,15,78,10
2,0.733,"A Memorial",25,3,20,2
1,0.733,"A Memorial",2,0,2,0
6,0.707,"A Meridian",80,65,0,15
5,0.707,"A Meridian",229,135,55,39
4,0.707,"A Meridian",258,82,125,51
3,0.707,"A Meridian",120,15,81,24
2,0.707,"A Meridian",36,3,32,1
1,0.707,"A Meridian",7,0,7,0
6,0.708,"A Metro",94,71,0,23
5,0.708,"A Metro",190,109,49,32
4,0.708,"A Metro",194,64,93,37
3,0.708,"A Metro",108,20,78,10
2,0.708,"A Metro",35,2,33,0
1,0.708,"A Metro",12,0,12,0
0,0.708,"A Metro",1,0,1,0
6,0.774,"A Midland",134,98,0,36
5,0.774,"A Midland",280,132,95,53
4,0.774,"A Midland",177,45,111,21
3,0.774,"A Midland",61,5,51,5
2,0.774,"A Midland",20,0,19,1
1,0.774,"A Midland",2,0,2,0
0,0.774,"A Midland",2,0,2,0
6,0.707,"A Morningstar",105,80,0,25
5,0.707,"A Morningstar",182,102,45,35
4,0.707,"A Morningstar",183,71,91,21
3,0.707,"A Morningstar",110,13,87,10
2,0.707,"A Morningstar",46,5,38,3
1,0.707,"A Morningstar",6,0,6,0
0,0.707,"A Morningstar",4,0,4,0
6,0.719,"A Pacific",105,90,0,15
5,0.719,"A Pacific",216,126,55,35
4,0.719,"A Pacific",204,60,115,29
3,0.719,"A Pacific",115,21,86,8
2,0.719,"A Pacific",45,3,41,1
1,0.719,"A Pacific",2,0,2,0
0,0.719,"A Pacific",1,0,1,0
6,0.776,"A Piedmont",142,99,0,43
5,0.776,"A Piedmont",234,106,86,42
4,0.776,"A Piedmont",128,29,83,16
3,0.776,"A Piedmont",59,7,46,6
2,0.776,"A Piedmont",22,1,19,2
1,0.776,"A Piedmont",9,0,8,1
6,0.717,"A Plaza",91,72,0,19
5,0.717,"A Plaza",202,122,66,14
4,0.717,"A Plaza",194,56,108,30
3,0.717,"A Plaza",95,21,61,13
2,0.717,"A Plaza",39,3,31,5
1,0.717,"A Plaza",7,0,6,1
0,0.717,"A Plaza",2,0,2,0
6,0.676,"A Seaboard",52,51,0,1
5,0.676,"A Seaboard",184,115,45,24
4,0.676,"A Seaboard",222,91,94,37
3,0.676,"A Seaboard",123,22,90,11
2,0.676,"A Seaboard",47,2,40,5
1,0.676,"A Seaboard",12,0,12,0
6,0.762,"A Sequoia",135,98,0,37
5,0.762,"A Sequoia",253,128,81,44
4,0.762,"A Sequoia",186,43,116,27
3,0.762,"A Sequoia",85,13,64,8
2,0.762,"A Sequoia",16,0,16,0
1,0.762,"A Sequoia",4,0,4,0
0,0.762,"A Sequoia",1,0,1,0
6,0.703,"A Sierra",74,63,0,11
5,0.703,"A Sierra",200,113,60,27
4,0.703,"A Sierra",200,72,99,29
3,0.703,"A Sierra",116,25,78,13
2,0.703,"A Sierra",35,2,31,2
1,0.703,"A Sierra",5,0,5,0
0,0.703,"A Sierra",2,0,2,0
6,0.736,"A Skyline",90,68,0,22
5,0.736,"A Skyline",223,114,62,47
4,0.736,"A Skyline",184,61,103,20
3,0.736,"A Skyline",71,12,57,2
2,0.736,"A Skyline",34,3,30,1
1,0.736,"A Skyline",5,0,5,0
0,0.736,"A Skyline",1,0,1,0
6,0.748,"A Sugarloaf",125,89,0,36
5,0.748,"A Sugarloaf",221,104,76,41
4,0.748,"A Sugarloaf",139,34,87,18
3,0.748,"A Sugarloaf",71,15,49,7
2,0.748,"A Sugarloaf",18,3,13,2
1,0.748,"A Sugarloaf",2,0,2,0
0,0.748,"A Sugarloaf",18,0,18,0
6,0.756,"A Tundra",133,103,0,30
5,0.756,"A Tundra",243,126,83,34
4,0.756,"A Tundra",183,42,109,32
3,0.756,"A Tundra",85,11,63,11
2,0.756,"A Tundra",25,1,23,1
1,0.756,"A Tundra",4,0,4,0
0,0.756,"A Tundra",1,0,1,0
6,0.618,"B Alpine",25,22,0,3
5,0.618,"B Alpine",131,95,15,21
4,0.618,"B Alpine",215,85,82,48
3,0.618,"B Alpine",147,36,89,22
2,0.618,"B Alpine",68,15,43,10
1,0.618,"B Alpine",20,0,20,0
0,0.618,"B Alpine",4,0,4,0
6,0.648,"B Arcadia",37,32,0,5
5,0.648,"B Arcadia",161,108,28,25
4,0.648,"B Arcadia",230,105,96,29
3,0.648,"B Arcadia",129,27,89,13
2,0.648,"B Arcadia",55,4,46,5
1,0.648,"B Arcadia",18,1,16,1
0,0.648,"B Arcadia",2,0,2,0
6,0.638,"B Atlantic",52,47,0,5
5,0.638,"B Atlantic",149,96,28,25
4,0.638,"B Atlantic",178,76,71,31
3,0.638,"B Atlantic",141,36,87,18
2,0.638,"B Atlantic",77,10,60,7
1,0.638,"B Atlantic",18,0,16,2
0,0.638,"B Atlantic",3,0,3,0
6,0.678,"B Badlands",59,51,0,8
5,0.678,"B Badlands",178,108,38,32
4,0.678,"B Badlands",203,74,94,35
3,0.678,"B Badlands",134,30,87,17
2,0.678,"B Badlands",50,4,40,6
1,0.678,"B Badlands",6,0,6,0
0,0.678,"B Badlands",2,0,2,0
6,0.673,"B Bayou",61,56,0,5
5,0.673,"B Bayou",180,112,38,30
4,0.673,"B Bayou",212,79,102,31
3,0.673,"B Bayou",146,30,98,18
2,0.673,"B Bayou",49,8,37,4
1,0.673,"B Bayou",10,1,9,0
0,0.673,"B Bayou",2,0,2,0
6,0.634,"B Cascade",41,36,0,5
5,0.634,"B Cascade",143,102,23,18
4,0.634,"B Cascade",194,87,75,32
3,0.634,"B Cascade",139,34,90,15
2,0.634,"B Cascade",68,4,59,5
1,0.634,"B Cascade",18,2,15,1
0,0.634,"B Cascade",3,0,3,0
6,0.693,"B Central",60,48,0,12
5,0.693,"B Central",201,131,37,33
4,0.693,"B Central",191,64,96,31
3,0.693,"B Central",120,14,87,19
2,0.693,"B Central",44,6,37,1
1,0.693,"B Central",6,0,6,0
6,0.634,"B Coastal",30,28,0,2
5,0.634,"B Coastal",167,112,27,28
4,0.634,"B Coastal",191,79,83,29
3,0.634,"B Coastal",171,44,100,27
2,0.634,"B Coastal",64,5,50,9
1,0.634,"B Coastal",16,3,10,3
0,0.634,"B Coastal",1,0,1,0
6,0.664,"B Continental",50,41,0,9
5,0.664,"B Continental",166,116,33,17
4,0.664,"B Continental",208,84,91,33
3,0.664,"B Continental",129,27,90,12
2,0.664,"B Continental",65,7,55,3
1,0.664,"B Continental",5,0,5,0
0,0.664,"B Continental",1,0,1,0
6,0.569,"B Corridor",16,14,0,2
5,0.569,"B Corridor",100,75,14,11
4,0.569,"B Corridor",186,97,61,28
3,0.569,"B Corridor",181,57,82,42
2,0.569,"B Corridor",99,15,73,11
1,0.569,"B Corridor",29,2,24,3
0,0.569,"B Corridor",7,0,6,1
6,0.634,"B Fjord",40,40,0,0
5,0.634,"B Fjord",139,102,20,17
4,0.634,"B Fjord",213,91,86,36
3,0.634,"B Fjord",164,37,102,25
2,0.634,"B Fjord",73,7,58,8
1,0.634,"B Fjord",8,0,8,0
0,0.634,"B Fjord",3,0,3,0
6,0.651,"B Frontier",44,38,0,6
5,0.651,"B Frontier",150,98,39,13
4,0.651,"B Frontier",225,102,89,34
3,0.651,"B Frontier",137,26,89,22
2,0.651,"B Frontier",59,8,44,7
1,0.651,"B Frontier",13,1,12,0
6,0.574,"B Highland",22,22,0,0
5,0.574,"B Highland",106,80,9,17
4,0.574,"B Highland",184,92,58,34
3,0.574,"B Highland",178,58,97,23
2,0.574,"B Highland",100,14,71,15
1,0.574,"B Highland",26,1,22,3
0,0.574,"B Highland",10,0,10,0
6,0.631,"B Horizon",35,33,0,2
5,0.631,"B Horizon",158,110,27,21
4,0.631,"B Horizon",194,79,81,34
3,0.631,"B Horizon",166,37,100,29
2,0.631,"B Horizon",62,10,41,11
1,0.631,"B Horizon",21,2,18,1
0,0.631,"B Horizon",4,0,4,0
6,0.656,"B Laguna",46,37,0,9
5,0.656,"B Laguna",158,96,32,30
4,0.656,"B Laguna",215,89,93,33
3,0.656,"B Laguna",133,30,79,24
2,0.656,"B Laguna",61,7,42,12
1,0.656,"B Laguna",13,0,13,0
6,0.737,"B Magnolia",100,82,0,18
5,0.737,"B Magnolia",239,120,61,58
4,0.737,"B Magnolia",195,52,108,35
3,0.737,"B Magnolia",100,15,77,8
2,0.737,"B Magnolia",27,1,23,3
1,0.737,"B Magnolia",1,0,1,0
6,0.630,"B Maritime",38,34,0,4
5,0.630,"B Maritime",124,94,12,18
4,0.630,"B Maritime",209,78,95,36
3,0.630,"B Maritime",150,38,82,30
2,0.630,"B Maritime",66,9,51,6
1,0.630,"B Maritime",10,1,9,0
0,0.630,"B Maritime",5,0,5,0
6,0.565,"B Memorial",20,19,0,1
5,0.565,"B Memorial",85,62,11,12
4,0.565,"B Memorial",150,84,43,23
3,0.565,"B Memorial",158,55,87,16
2,0.565,"B Memorial",79,10,57,12
1,0.565,"B Memorial",16,1,11,4
0,0.565,"B Memorial",22,0,22,0
6,0.642,"B Meridian",41,36,0,5
5,0.642,"B Meridian",154,109,24,21
4,0.642,"B Meridian",177,74,75,28
3,0.642,"B Meridian",173,40,114,19
2,0.642,"B Meridian",54,8,41,5
1,0.642,"B Meridian",14,1,13,0
0,0.642,"B Meridian",1,0,1,0
6,0.557,"B Metro",19,17,0,2
5,0.557,"B Metro",85,67,6,12
4,0.557,"B Metro",195,100,55,40
3,0.557,"B Metro",177,53,100,24
2,0.557,"B Metro",102,22,67,13
1,0.557,"B Metro",40,6,29,5
0,0.557,"B Metro",8,0,8,0
6,0.620,"B Midland",29,27,0,2
5,0.620,"B Midland",130,99,21,10
4,0.620,"B Midland",217,101,74,42
3,0.620,"B Midland",161,41,102,18
2,0.620,"B Midland",82,8,69,5
1,0.620,"B Midland",12,0,9,3
0,0.620,"B Midland",1,0,1,0
6,0.644,"B Morningstar",47,43,0,4
5,0.644,"B Morningstar",150,92,26,32
4,0.644,"B Morningstar",206,81,85,40
3,0.644,"B Morningstar",127,28,80,19
2,0.644,"B Morningstar",63,12,46,5
1,0.644,"B Morningstar",21,2,19,0
0,0.644,"B Morningstar",2,0,2,0
6,0.660,"B Pacific",56,48,0,8
5,0.660,"B Pacific",181,126,37,18
4,0.660,"B Pacific",228,94,105,29
3,0.660,"B Pacific",153,32,90,31
2,0.660,"B Pacific",71,3,64,4
1,0.660,"B Pacific",5,0,5,0
0,0.660,"B Pacific",2,0,2,0
6,0.641,"B Piedmont",33,31,0,2
5,0.641,"B Piedmont",154,103,26,25
4,0.641,"B Piedmont",224,101,72,51
3,0.641,"B Piedmont",160,26,114,20
2,0.641,"B Piedmont",55,8,44,3
1,0.641,"B Piedmont",10,0,9,1
0,0.641,"B Piedmont",4,0,4,0
6,0.610,"B Plaza",22,22,0,0
5,0.610,"B Plaza",128,98,23,7
4,0.610,"B Plaza",204,105,73,26
3,0.610,"B Plaza",161,40,100,21
2,0.610,"B Plaza",82,8,64,10
1,0.610,"B Plaza",18,2,14,2
0,0.610,"B Plaza",1,0,1,0
6,0.562,"B Seaboard",18,18,0,0
5,0.562,"B Seaboard",102,74,21,7
4,0.562,"B Seaboard",174,101,52,21
3,0.562,"B Seaboard",187,60,96,31
2,0.562,"B Seaboard",99,19,70,10
1,0.562,"B Seaboard",37,5,31,1
0,0.562,"B Seaboard",7,0,7,0
6,0.612,"B Sequoia",45,42,0,3
5,0.612,"B Sequoia",115,86,18,11
4,0.612,"B Sequoia",183,85,66,32
3,0.612,"B Sequoia",170,43,104,23
2,0.612,"B Sequoia",80,7,57,16
1,0.612,"B Sequoia",21,1,17,3
0,0.612,"B Sequoia",2,0,2,0
6,0.614,"B Sierra",31,29,0,2
5,0.614,"B Sierra",128,98,14,16
4,0.614,"B Sierra",189,86,67,36
3,0.614,"B Sierra",151,34,94,23
2,0.614,"B Sierra",81,10,65,6
1,0.614,"B Sierra",14,0,11,3
0,0.614,"B Sierra",6,0,6,0
6,0.617,"B Skyline",26,21,0,5
5,0.617,"B Skyline",128,94,15,19
4,0.617,"B Skyline",210,93,87,30
3,0.617,"B Skyline",166,50,88,28
2,0.617,"B Skyline",60,1,55,4
1,0.617,"B Skyline",13,1,9,3
0,0.617,"B Skyline",7,0,6,1
6,0.617,"B Sugarloaf",32,30,0,2
5,0.617,"B Sugarloaf",128,89,17,22
4,0.617,"B Sugarloaf",221,97,82,42
3,0.617,"B Sugarloaf",163,46,96,21
2,0.617,"B Sugarloaf",69,10,52,7
1,0.617,"B Sugarloaf",23,0,23,0
0,0.617,"B Sugarloaf",2,0,2,0
6,0.625,"B Tundra",34,32,0,2
5,0.625,"B Tundra",113,78,13,22
4,0.625,"B Tundra",227,115,80,32
3,0.625,"B Tundra",174,34,116,24
2,0.625,"B Tundra",55,8,43,4
1,0.625,"B Tundra",17,1,16,0
6,0.529,"C Alpine Div 1",5,5,0,0
5,0.529,"C Alpine Div 1",61,48,5,8
4,0.529,"C Alpine Div 1",110,67,33,10
3,0.529,"C Alpine Div 1",144,55,75,14
2,0.529,"C Alpine Div 1",77,19,46,12
1,0.529,"C Alpine Div 1",36,2,30,4
0,0.529,"C Alpine Div 1",7,0,7,0
6,0.540,"C Alpine Div 2",8,8,0,0
5,0.540,"C Alpine Div 2",57,49,6,2
4,0.540,"C Alpine Div 2",123,74,33,16
3,0.540,"C Alpine Div 2",129,40,74,15
2,0.540,"C Alpine Div 2",71,19,46,6
1,0.540,"C Alpine Div 2",34,3,28,3
0,0.540,"C Alpine Div 2",6,0,6,0
6,0.565,"C Arcadia Div 1",25,25,0,0
5,0.565,"C Arcadia Div 1",71,56,10,5
4,0.565,"C Arcadia Div 1",164,92,48,24
3,0.565,"C Arcadia Div 1",150,44,76,30
2,0.565,"C Arcadia Div 1",93,15,71,7
1,0.565,"C Arcadia Div 1",35,4,30,1
0,0.565,"C Arcadia Div 1",2,0,1,1
6,0.573,"C Arcadia Div 2",20,17,0,3
5,0.573,"C Arcadia Div 2",87,73,6,8
4,0.573,"C Arcadia Div 2",180,93,65,22
3,0.573,"C Arcadia Div 2",170,55,96,19
2,0.573,"C Arcadia Div 2",89,18,61,10
1,0.573,"C Arcadia Div 2",30,2,26,2
0,0.573,"C Arcadia Div 2",4,0,4,0
6,0.455,"C Atlantic Div 1",1,1,0,0
5,0.455,"C Atlantic Div 1",28,24,1,3
4,0.455,"C Atlantic Div 1",91,66,14,11
3,0.455,"C Atlantic Div 1",109,49,45,15
2,0.455,"C Atlantic Div 1",115,35,64,16
1,0.455,"C Atlantic Div 1",53,5,44,4
0,0.455,"C Atlantic Div 1",15,0,12,3
6,0.504,"C Atlantic Div 2",5,3,0,2
5,0.504,"C Atlantic Div 2",39,35,3,1
4,0.504,"C Atlantic Div 2",91,50,20,21
3,0.504,"C Atlantic Div 2",144,54,64,26
2,0.504,"C Atlantic Div 2",79,22,44,13
1,0.504,"C Atlantic Div 2",34,1,24,9
0,0.504,"C Atlantic Div 2",10,0,10,0
6,0.539,"C Badlands Div 1",7,7,0,0
5,0.539,"C Badlands Div 1",77,65,4,8
4,0.539,"C Badlands Div 1",148,90,45,13
3,0.539,"C Badlands Div 1",160,58,81,21
2,0.539,"C Badlands Div 1",95,17,64,14
1,0.539,"C Badlands Div 1",39,2,35,2
0,0.539,"C Badlands Div 1",10,0,10,0
6,0.554,"C Badlands Div 2",6,6,0,0
5,0.554,"C Badlands Div 2",76,60,12,4
4,0.554,"C Badlands Div 2",163,90,43,30
3,0.554,"C Badlands Div 2",167,55,83,29
2,0.554,"C Badlands Div 2",86,15,60,11
1,0.554,"C Badlands Div 2",30,2,26,2
0,0.554,"C Badlands Div 2",4,0,4,0
6,0.552,"C Bayou Div 1",13,13,0,0
5,0.552,"C Bayou Div 1",81,64,7,10
4,0.552,"C Bayou Div 1",128,68,41,19
3,0.552,"C Bayou Div 1",128,48,61,19
2,0.552,"C Bayou Div 1",83,13,61,9
1,0.552,"C Bayou Div 1",38,2,32,4
0,0.552,"C Bayou Div 1",7,0,6,1
6,0.544,"C Bayou Div 2",18,18,0,0
5,0.544,"C Bayou Div 2",60,45,9,6
4,0.544,"C Bayou Div 2",84,45,26,13
3,0.544,"C Bayou Div 2",89,31,48,10
2,0.544,"C Bayou Div 2",75,17,45,13
1,0.544,"C Bayou Div 2",33,1,26,6
0,0.544,"C Bayou Div 2",3,0,3,0
6,0.551,"C Cascade Div 1",16,14,0,2
5,0.551,"C Cascade Div 1",81,68,8,5
4,0.551,"C Cascade Div 1",152,76,50,26
3,0.551,"C Cascade Div 1",148,48,76,24
2,0.551,"C Cascade Div 1",99,20,55,24
1,0.551,"C Cascade Div 1",36,3,32,1
0,0.551,"C Cascade Div 1",8,0,8,0
6,0.514,"C Cascade Div 2",12,10,0,2
5,0.514,"C Cascade Div 2",57,49,5,3
4,0.514,"C Cascade Div 2",121,71,34,16
3,0.514,"C Cascade Div 2",123,49,54,20
2,0.514,"C Cascade Div 2",109,27,63,19
1,0.514,"C Cascade Div 2",48,1,43,4
0,0.514,"C Cascade Div 2",8,0,8,0
6,0.592,"C Central",21,19,0,2
5,0.592,"C Central",81,62,9,10
4,0.592,"C Central",201,105,69,27
3,0.592,"C Central",178,51,101,26
2,0.592,"C Central",71,8,51,12
1,0.592,"C Central",18,0,13,5
0,0.592,"C Central",2,0,2,0
6,0.550,"C Coastal",8,8,0,0
5,0.550,"C Coastal",107,84,7,16
4,0.550,"C Coastal",209,120,62,27
3,0.550,"C Coastal",221,78,105,38
2,0.550,"C Coastal",127,15,95,17
1,0.550,"C Coastal",38,3,31,4
0,0.550,"C Coastal",8,0,8,0
6,0.573,"C Continental Div 1",16,16,0,0
5,0.573,"C Continental Div 1",71,58,7,6
4,0.573,"C Continental Div 1",155,89,46,20
3,0.573,"C Continental Div 1",150,39,89,22
2,0.573,"C Continental Div 1",72,14,47,11
1,0.573,"C Continental Div 1",23,0,22,1
0,0.573,"C Continental Div 1",5,0,5,0
6,0.539,"C Continental Div 2",10,10,0,0
5,0.539,"C Continental Div 2",53,44,3,6
4,0.539,"C Continental Div 2",140,79,37,24
3,0.539,"C Continental Div 2",160,57,83,20
2,0.539,"C Continental Div 2",85,16,52,17
1,0.539,"C Continental Div 2",35,2,30,3
0,0.539,"C Continental Div 2",3,0,3,0
6,0.480,"C Corridor Div 1",3,3,0,0
5,0.480,"C Corridor Div 1",36,34,2,0
4,0.480,"C Corridor Div 1",91,51,20,20
3,0.480,"C Corridor Div 1",137,63,53,21
2,0.480,"C Corridor Div 1",117,30,72,15
1,0.480,"C Corridor Div 1",42,6,34,2
0,0.480,"C Corridor Div 1",6,0,6,0
6,0.459,"C Corridor Div 2",3,3,0,0
5,0.459,"C Corridor Div 2",21,19,0,2
4,0.459,"C Corridor Div 2",68,44,16,8
3,0.459,"C Corridor Div 2",124,64,48,12
2,0.459,"C Corridor Div 2",86,19,53,14
1,0.459,"C Corridor Div 2",41,6,27,8
0,0.459,"C Corridor Div 2",13,0,11,2
6,0.524,"C Fjord",13,12,0,1
5,0.524,"C Fjord",80,67,2,11
4,0.524,"C Fjord",199,106,59,34
3,0.524,"C Fjord",197,85,95,17
2,0.524,"C Fjord",156,35,102,19
1,0.524,"C Fjord",53,6,41,6
0,0.524,"C Fjord",12,0,12,0
6,0.563,"C Frontier",16,16,0,0
5,0.563,"C Frontier",124,91,19,14
4,0.563,"C Frontier",201,112,53,36
3,0.563,"C Frontier",221,65,122,34
2,0.563,"C Frontier",120,25,78,17
1,0.563,"C Frontier",41,2,34,5
0,0.563,"C Frontier",5,0,5,0
6,0.485,"C Highland Div 1",4,4,0,0
5,0.485,"C Highland Div 1",45,37,1,7
4,0.485,"C Highland Div 1",96,61,25,10
3,0.485,"C Highland Div 1",126,50,57,19
2,0.485,"C Highland Div 1",101,28,58,15
1,0.485,"C Highland Div 1",51,8,37,6
0,0.485,"C Highland Div 1",11,0,10,1
6,0.485,"C Highland Div 2",7,7,0,0
5,0.485,"C Highland Div 2",31,26,3,2
4,0.485,"C Highland Div 2",105,61,26,18
3,0.485,"C Highland Div 2",122,55,53,14
2,0.485,"C Highland Div 2",96,26,57,13
1,0.485,"C Highland Div 2",44,5,30,9
0,0.485,"C Highland Div 2",13,0,11,2
6,0.537,"C Horizon Div 1",10,8,0,2
5,0.537,"C Horizon Div 1",50,40,5,5
4,0.537,"C Horizon Div 1",109,65,28,16
3,0.537,"C Horizon Div 1",137,43,70,24
2,0.537,"C Horizon Div 1",57,12,37,8
1,0.537,"C Horizon Div 1",15,1,7,7
0,0.537,"C Horizon Div 1",22,0,22,0
6,0.568,"C Horizon Div 2",13,11,0,2
5,0.568,"C Horizon Div 2",80,69,6,5
4,0.568,"C Horizon Div 2",126,62,47,17
3,0.568,"C Horizon Div 2",107,38,52,17
2,0.568,"C Horizon Div 2",80,9,57,14
1,0.568,"C Horizon Div 2",30,2,27,1
0,0.568,"C Horizon Div 2",2,0,2,0
6,0.549,"C Laguna Div 1",10,10,0,0
5,0.549,"C Laguna Div 1",75,63,11,1
4,0.549,"C Laguna Div 1",164,90,45,29
3,0.549,"C Laguna Div 1",147,51,68,28
2,0.549,"C Laguna Div 1",87,11,60,16
1,0.549,"C Laguna Div 1",42,3,37,2
0,0.549,"C Laguna Div 1",7,0,7,0
6,0.532,"C Laguna Div 2",8,8,0,0
5,0.532,"C Laguna Div 2",75,68,6,1
4,0.532,"C Laguna Div 2",134,68,44,22
3,0.532,"C Laguna Div 2",154,64,61,29
2,0.532,"C Laguna Div 2",102,19,74,9
1,0.532,"C Laguna Div 2",44,1,39,4
0,0.532,"C Laguna Div 2",5,0,4,1
6,0.554,"C Magnolia Div 1",18,18,0,0
5,0.554,"C Magnolia Div 1",99,75,15,9
4,0.554,"C Magnolia Div 1",202,104,60,38
3,0.554,"C Magnolia Div 1",180,70,85,25
2,0.554,"C Magnolia Div 1",112,18,80,14
1,0.554,"C Magnolia Div 1",38,1,33,4
0,0.554,"C Magnolia Div 1",13,0,13,0
6,0.563,"C Magnolia Div 2",13,13,0,0
5,0.563,"C Magnolia Div 2",112,83,15,14
4,0.563,"C Magnolia Div 2",203,119,67,17
3,0.563,"C Magnolia Div 2",188,61,104,23
2,0.563,"C Magnolia Div 2",121,24,79,18
1,0.563,"C Magnolia Div 2",37,2,31,4
0,0.563,"C Magnolia Div 2",6,0,6,0
6,0.521,"C Maritime",7,7,0,0
5,0.521,"C Maritime",66,56,5,5
4,0.521,"C Maritime",167,98,40,29
3,0.521,"C Maritime",203,72,91,40
2,0.521,"C Maritime",116,24,74,18
1,0.521,"C Maritime",49,5,40,4
0,0.521,"C Maritime",12,0,12,0
6,0.587,"C Memorial Div 1",17,17,0,0
5,0.587,"C Memorial Div 1",83,62,11,10
4,0.587,"C Memorial Div 1",156,78,51,27
3,0.587,"C Memorial Div 1",134,41,81,12
2,0.587,"C Memorial Div 1",70,14,49,7
1,0.587,"C Memorial Div 1",22,1,19,2
0,0.587,"C Memorial Div 1",2,0,2,0
6,0.476,"C Memorial Div 2",6,6,0,0
5,0.476,"C Memorial Div 2",30,25,4,1
4,0.476,"C Memorial Div 2",91,61,18,12
3,0.476,"C Memorial Div 2",135,62,53,20
2,0.476,"C Memorial Div 2",102,24,60,18
1,0.476,"C Memorial Div 2",46,4,35,7
0,0.476,"C Memorial Div 2",12,0,12,0
6,0.539,"C Meridian Div 1",13,11,0,2
5,0.539,"C Meridian Div 1",63,50,8,5
4,0.539,"C Meridian Div 1",105,63,25,17
3,0.539,"C Meridian Div 1",112,43,55,14
2,0.539,"C Meridian Div 1",80,11,60,9
1,0.539,"C Meridian Div 1",36,5,28,3
0,0.539,"C Meridian Div 1",7,0,7,0
6,0.521,"C Meridian Div 2",5,5,0,0
5,0.521,"C Meridian Div 2",43,39,2,2
4,0.521,"C Meridian Div 2",115,68,27,20
3,0.521,"C Meridian Div 2",141,53,62,26
2,0.521,"C Meridian Div 2",86,13,63,10
1,0.521,"C Meridian Div 2",34,5,26,3
0,0.521,"C Meridian Div 2",4,0,3,1
6,0.514,"C Metro",4,4,0,0
5,0.514,"C Metro",70,58,6,6
4,0.514,"C Metro",204,119,46,39
3,0.514,"C Metro",236,102,102,32
2,0.514,"C Metro",134,25,95,14
1,0.514,"C Metro",68,9,58,1
0,0.514,"C Metro",10,0,10,0
6,0.502,"C Midland Div 1",8,8,0,0
5,0.502,"C Midland Div 1",41,34,4,3
4,0.502,"C Midland Div 1",114,67,17,30
3,0.502,"C Midland Div 1",161,66,68,27
2,0.502,"C Midland Div 1",98,21,64,13
1,0.502,"C Midland Div 1",40,2,35,3
0,0.502,"C Midland Div 1",10,0,10,0
6,0.554,"C Midland Div 2",14,12,0,2
5,0.554,"C Midland Div 2",62,51,7,4
4,0.554,"C Midland Div 2",122,63,30,29
3,0.554,"C Midland Div 2",127,45,66,16
2,0.554,"C Midland Div 2",71,11,49,11
1,0.554,"C Midland Div 2",36,2,30,4
0,0.554,"C Midland Div 2",2,0,2,0
6,0.565,"C Morningstar",28,26,0,2
5,0.565,"C Morningstar",130,102,17,11
4,0.565,"C Morningstar",245,133,74,38
3,0.565,"C Morningstar",202,63,107,32
2,0.565,"C Morningstar",131,22,89,20
1,0.565,"C Morningstar",67,2,58,7
0,0.565,"C Morningstar",3,0,3,0
6,0.532,"C Pacific Div 1",11,10,0,1
5,0.532,"C Pacific Div 1",54,52,1,1
4,0.532,"C Pacific Div 1",168,95,52,21
3,0.532,"C Pacific Div 1",161,49,75,37
2,0.532,"C Pacific Div 1",101,22,65,14
1,0.532,"C Pacific Div 1",41,3,32,6
0,0.532,"C Pacific Div 1",6,0,6,0
6,0.540,"C Pacific Div 2",13,13,0,0
5,0.540,"C Pacific Div 2",70,55,11,4
4,0.540,"C Pacific Div 2",133,85,31,17
3,0.540,"C Pacific Div 2",173,51,96,26
2,0.540,"C Pacific Div 2",104,20,58,26
1,0.540,"C Pacific Div 2",33,3,27,3
0,0.540,"C Pacific Div 2",4,0,4,0
6,0.555,"C Piedmont",16,16,0,0
5,0.555,"C Piedmont",108,88,7,13
4,0.555,"C Piedmont",189,105,55,29
3,0.555,"C Piedmont",209,67,113,29
2,0.555,"C Piedmont",124,20,87,17
1,0.555,"C Piedmont",44,5,36,3
0,0.555,"C Piedmont",4,0,3,1
6,0.501,"C Plaza",12,12,0,0
5,0.501,"C Plaza",48,37,4,7
4,0.501,"C Plaza",139,80,38,21
3,0.501,"C Plaza",143,67,56,20
2,0.501,"C Plaza",112,28,77,7
1,0.501,"C Plaza",61,6,45,10
0,0.501,"C Plaza",11,0,10,1
6,0.509,"C Seaboard Div 1",8,8,0,0
5,0.509,"C Seaboard Div 1",43,36,1,6
4,0.509,"C Seaboard Div 1",98,62,24,12
3,0.509,"C Seaboard Div 1",149,60,67,22
2,0.509,"C Seaboard Div 1",91,19,60,12
1,0.509,"C Seaboard Div 1",39,3,32,4
0,0.509,"C Seaboard Div 1",4,0,4,0
6,0.491,"C Seaboard Div 2",3,3,0,0
5,0.491,"C Seaboard Div 2",35,29,2,4
4,0.491,"C Seaboard Div 2",110,72,22,16
3,0.491,"C Seaboard Div 2",129,51,61,17
2,0.491,"C Seaboard Div 2",110,25,65,20
1,0.491,"C Seaboard Div 2",39,6,28,5
0,0.491,"C Seaboard Div 2",8,0,8,0
6,0.547,"C Sequoia",23,23,0,0
5,0.547,"C Sequoia",112,80,12,20
4,0.547,"C Sequoia",206,116,68,22
3,0.547,"C Sequoia",252,99,128,25
2,0.547,"C Sequoia",155,32,104,19
1,0.547,"C Sequoia",49,5,38,6
0,0.547,"C Sequoia",5,0,5,0
6,0.500,"C Sierra",7,7,0,0
5,0.500,"C Sierra",88,78,3,7
4,0.500,"C Sierra",192,109,47,36
3,0.500,"C Sierra",254,101,116,37
2,0.500,"C Sierra",188,50,113,25
1,0.500,"C Sierra",81,3,56,22
0,0.500,"C Sierra",14,0,13,1
6,0.526,"C Skyline",19,19,0,0
5,0.526,"C Skyline",92,83,5,4
4,0.526,"C Skyline",206,132,59,15
3,0.526,"C Skyline",233,86,123,24
2,0.526,"C Skyline",163,29,110,24
1,0.526,"C Skyline",60,5,44,11
0,0.526,"C Skyline",13,0,13,0
6,0.568,"C Sugarloaf Div 1",12,12,0,0
5,0.568,"C Sugarloaf Div 1",98,74,6,18
4,0.568,"C Sugarloaf Div 1",165,86,58,21
3,0.568,"C Sugarloaf Div 1",166,54,87,25
2,0.568,"C Sugarloaf Div 1",80,11,53,16
1,0.568,"C Sugarloaf Div 1",31,1,26,4
0,0.568,"C Sugarloaf Div 1",8,0,8,0
6,0.602,"C Sugarloaf Div 2",14,12,0,2
5,0.602,"C Sugarloaf Div 2",114,81,14,19
4,0.602,"C Sugarloaf Div 2",174,87,67,20
3,0.602,"C Sugarloaf Div 2",143,39,83,21
2,0.602,"C Sugarloaf Div 2",59,8,43,8
1,0.602,"C Sugarloaf Div 2",24,2,20,2
0,0.602,"C Sugarloaf Div 2",2,0,2,0
6,0.546,"C Tundra Div 1",14,14,0,0
5,0.546,"C Tundra Div 1",72,60,4,8
4,0.546,"C Tundra Div 1",179,99,50,30
3,0.546,"C Tundra Div 1",162,55,80,27
2,0.546,"C Tundra Div 1",107,21,76,10
1,0.546,"C Tundra Div 1",37,0,32,5
0,0.546,"C Tundra Div 1",7,0,7,0
6,0.528,"C Tundra Div 2",12,12,0,0
5,0.528,"C Tundra Div 2",66,51,7,8
4,0.528,"C Tundra Div 2",120,69,39,12
3,0.528,"C Tundra Div 2",138,64,59,15
2,0.528,"C Tundra Div 2",125,22,83,20
1,0.528,"C Tundra Div 2",35,3,29,3
0,0.528,"C Tundra Div 2",4,0,4,0
6,0.437,"D Alpine Div 1",4,4,0,0
5,0.437,"D Alpine Div 1",31,29,2,0
4,0.437,"D Alpine Div 1",123,89,21,13
3,0.437,"D Alpine Div 1",160,75,60,25
2,0.437,"D Alpine Div 1",161,52,91,18
1,0.437,"D Alpine Div 1",100,12,72,16
0,0.437,"D Alpine Div 1",19,0,15,4
6,0.426,"D Alpine Div 2",4,4,0,0
5,0.426,"D Alpine Div 2",29,27,1,1
4,0.426,"D Alpine Div 2",109,74,22,13
3,0.426,"D Alpine Div 2",175,97,59,19
2,0.426,"D Alpine Div 2",172,53,101,18
1,0.426,"D Alpine Div 2",91,12,64,15
0,0.426,"D Alpine Div 2",30,0,20,10
5,0.417,"D Arcadia Div 1",38,34,2,2
4,0.417,"D Arcadia Div 1",109,78,12,19
3,0.417,"D Arcadia Div 1",196,108,60,28
2,0.417,"D Arcadia Div 1",199,62,112,25
1,0.417,"D Arcadia Div 1",105,14,71,20
0,0.417,"D Arcadia Div 1",45,0,39,6
6,0.470,"D Arcadia Div 2",4,4,0,0
5,0.470,"D Arcadia Div 2",54,45,6,3
4,0.470,"D Arcadia Div 2",138,89,29,20
3,0.470,"D Arcadia Div 2",212,92,80,40
2,0.470,"D Arcadia Div 2",176,50,104,22
1,0.470,"D Arcadia Div 2",73,11,56,6
0,0.470,"D Arcadia Div 2",17,0,16,1
6,0.423,"D Atlantic Div 1",5,5,0,0
5,0.423,"D Atlantic Div 1",21,21,0,0
4,0.423,"D Atlantic Div 1",108,82,15,11
3,0.423,"D Atlantic Div 1",180,84,66,30
2,0.423,"D Atlantic Div 1",167,49,93,25
1,0.423,"D Atlantic Div 1",110,20,68,22
0,0.423,"D Atlantic Div 1",21,0,19,2
6,0.421,"D Atlantic Div 2",3,3,0,0
5,0.421,"D Atlantic Div 2",18,15,0,3
4,0.421,"D Atlantic Div 2",99,72,12,15
3,0.421,"D Atlantic Div 2",151,71,60,20
2,0.421,"D Atlantic Div 2",156,43,78,35
1,0.421,"D Atlantic Div 2",89,19,53,17
0,0.421,"D Atlantic Div 2",22,0,20,2
6,0.448,"D Badlands Div 1",4,4,0,0
5,0.448,"D Badlands Div 1",47,41,1,5
4,0.448,"D Badlands Div 1",136,89,24,23
3,0.448,"D Badlands Div 1",205,106,77,22
2,0.448,"D Badlands Div 1",152,34,84,34
1,0.448,"D Badlands Div 1",115,18,82,15
0,0.448,"D Badlands Div 1",25,0,24,1
6,0.457,"D Badlands Div 2",12,12,0,0
5,0.457,"D Badlands Div 2",33,28,2,3
4,0.457,"D Badlands Div 2",127,90,21,16
3,0.457,"D Badlands Div 2",192,78,88,26
2,0.457,"D Badlands Div 2",149,50,85,14
1,0.457,"D Badlands Div 2",82,14,58,10
0,0.457,"D Badlands Div 2",23,0,18,5
6,0.447,"D Bayou Div 1",3,3,0,0
5,0.447,"D Bayou Div 1",49,40,3,6
4,0.447,"D Bayou Div 1",129,92,21,16
3,0.447,"D Bayou Div 1",192,89,80,23
2,0.447,"D Bayou Div 1",177,57,99,21
1,0.447,"D Bayou Div 1",100,13,74,13
0,0.447,"D Bayou Div 1",22,0,17,5
6,0.431,"D Bayou Div 2",3,3,0,0
5,0.431,"D Bayou Div 2",31,28,1,2
4,0.431,"D Bayou Div 2",108,71,23,14
3,0.431,"D Bayou Div 2",184,87,57,40
2,0.431,"D Bayou Div 2",177,49,90,38
1,0.431,"D Bayou Div 2",100,11,65,24
0,0.431,"D Bayou Div 2",19,0,13,6
6,0.424,"D Cascade Div 1",7,5,0,2
5,0.424,"D Cascade Div 1",39,32,4,3
4,0.424,"D Cascade Div 1",135,98,17,20
3,0.424,"D Cascade Div 1",236,116,72,48
2,0.424,"D Cascade Div 1",218,65,108,45
1,0.424,"D Cascade Div 1",159,13,105,41
0,0.424,"D Cascade Div 1",26,0,23,3
6,0.432,"D Cascade Div 2",6,6,0,0
5,0.432,"D Cascade Div 2",43,39,0,4
4,0.432,"D Cascade Div 2",124,85,22,17
3,0.432,"D Cascade Div 2",202,105,70,27
2,0.432,"D Cascade Div 2",230,64,122,44
1,0.432,"D Cascade Div 2",102,15,72,15
0,0.432,"D Cascade Div 2",33,0,28,5
6,0.515,"D Central Div 1",11,11,0,0
5,0.515,"D Central Div 1",59,52,4,3
4,0.515,"D Central Div 1",137,78,40,19
3,0.515,"D Central Div 1",156,59,73,24
2,0.515,"D Central Div 1",106,25,65,16
1,0.515,"D Central Div 1",48,4,36,8
0,0.515,"D Central Div 1",11,0,11,0
6,0.525,"D Central Div 2",11,9,0,2
5,0.525,"D Central Div 2",66,48,6,12
4,0.525,"D Central Div 2",128,84,31,13
3,0.525,"D Central Div 2",166,62,78,26
2,0.525,"D Central Div 2",104,21,70,13
1,0.525,"D Central Div 2",47,4,39,4
0,0.525,"D Central Div 2",4,0,4,0
6,0.451,"D Coastal Div 1",5,5,0,0
5,0.451,"D Coastal Div 1",27,24,2,1
4,0.451,"D Coastal Div 1",98,73,16,9
3,0.451,"D Coastal Div 1",132,60,51,21
2,0.451,"D Coastal Div 1",115,26,66,23
1,0.451,"D Coastal Div 1",66,8,47,11
0,0.451,"D Coastal Div 1",17,0,14,3
6,0.457,"D Coastal Div 2",6,5,0,1
5,0.457,"D Coastal Div 2",37,29,1,7
4,0.457,"D Coastal Div 2",79,60,15,4
3,0.457,"D Coastal Div 2",155,70,58,27
2,0.457,"D Coastal Div 2",130,32,75,23
1,0.457,"D Coastal Div 2",64,8,45,11
0,0.457,"D Coastal Div 2",11,0,10,1
6,0.475,"D Continental Div 1",8,8,0,0
5,0.475,"D Continental Div 1",54,47,4,3
4,0.475,"D Continental Div 1",147,92,33,22
3,0.475,"D Continental Div 1",196,95,74,27
2,0.475,"D Continental Div 1",181,38,105,38
1,0.475,"D Continental Div 1",72,5,57,10
0,0.475,"D Continental Div 1",14,0,12,2
6,0.462,"D Continental Div 2",9,9,0,0
5,0.462,"D Continental Div 2",43,33,6,4
4,0.462,"D Continental Div 2",137,101,17,19
3,0.462,"D Continental Div 2",209,88,95,26
2,0.462,"D Continental Div 2",155,43,85,27
1,0.462,"D Continental Div 2",93,15,67,11
0,0.462,"D Continental Div 2",20,0,19,1
6,0.417,"D Corridor Div 1",1,1,0,0
5,0.417,"D Corridor Div 1",26,25,1,0
4,0.417,"D Corridor Div 1",92,71,13,8
3,0.417,"D Corridor Div 1",179,80,58,41
2,0.417,"D Corridor Div 1",158,56,88,14
1,0.417,"D Corridor Div 1",94,16,67,11
0,0.417,"D Corridor Div 1",28,0,22,6
6,0.395,"D Corridor Div 2",3,3,0,0
5,0.395,"D Corridor Div 2",22,19,0,3
4,0.395,"D Corridor Div 2",85,64,14,7
3,0.395,"D Corridor Div 2",158,83,45,30
2,0.395,"D Corridor Div 2",186,57,88,41
1,0.395,"D Corridor Div 2",105,20,65,20
0,0.395,"D Corridor Div 2",41,0,34,7
6,0.482,"D Fjord Div 1",5,5,0,0
5,0.482,"D Fjord Div 1",32,27,3,2
4,0.482,"D Fjord Div 1",122,85,21,16
3,0.482,"D Fjord Div 1",173,76,67,30
2,0.482,"D Fjord Div 1",132,27,88,17
1,0.482,"D Fjord Div 1",51,6,39,6
0,0.482,"D Fjord Div 1",9,0,8,1
6,0.455,"D Fjord Div 2",5,5,0,0
5,0.455,"D Fjord Div 2",40,37,3,0
4,0.455,"D Fjord Div 2",90,69,8,13
3,0.455,"D Fjord Div 2",165,77,51,37
2,0.455,"D Fjord Div 2",142,32,95,15
1,0.455,"D Fjord Div 2",72,7,58,7
0,0.455,"D Fjord Div 2",14,0,12,2
6,0.464,"D Frontier Div 1",6,4,0,2
5,0.464,"D Frontier Div 1",33,24,3,6
4,0.464,"D Frontier Div 1",103,75,18,10
3,0.464,"D Frontier Div 1",144,72,61,11
2,0.464,"D Frontier Div 1",142,44,89,9
1,0.464,"D Frontier Div 1",51,6,39,6
0,0.464,"D Frontier Div 1",15,0,15,0
6,0.416,"D Frontier Div 2",3,3,0,0
5,0.416,"D Frontier Div 2",32,29,1,2
4,0.416,"D Frontier Div 2",78,55,10,13
3,0.416,"D Frontier Div 2",139,76,46,17
2,0.416,"D Frontier Div 2",159,56,87,16
1,0.416,"D Frontier Div 2",90,13,65,12
0,0.416,"D Frontier Div 2",25,0,23,2
6,0.383,"D Highland Div 1",1,1,0,0
5,0.383,"D Highland Div 1",23,23,0,0
4,0.383,"D Highland Div 1",64,50,7,7
3,0.383,"D Highland Div 1",137,75,37,25
2,0.383,"D Highland Div 1",179,69,81,29
1,0.383,"D Highland Div 1",112,16,83,13
0,0.383,"D Highland Div 1",30,0,26,4
6,0.381,"D Highland Div 2",2,2,0,0
5,0.381,"D Highland Div 2",20,19,0,1
4,0.381,"D Highland Div 2",101,74,16,11
3,0.381,"D Highland Div 2",182,96,47,39
2,0.381,"D Highland Div 2",209,75,93,41
1,0.381,"D Highland Div 2",148,28,100,20
0,0.381,"D Highland Div 2",52,0,38,14
6,0.435,"D Horizon Div 1",3,3,0,0
5,0.435,"D Horizon Div 1",31,25,4,2
4,0.435,"D Horizon Div 1",120,89,18,13
3,0.435,"D Horizon Div 1",198,99,69,30
2,0.435,"D Horizon Div 1",158,43,94,21
1,0.435,"D Horizon Div 1",105,19,71,15
0,0.435,"D Horizon Div 1",23,0,22,1
6,0.455,"D Horizon Div 2",4,4,0,0
5,0.455,"D Horizon Div 2",41,38,2,1
4,0.455,"D Horizon Div 2",129,87,28,14
3,0.455,"D Horizon Div 2",191,96,69,26
2,0.455,"D Horizon Div 2",143,27,87,29
1,0.455,"D Horizon Div 2",87,12,56,19
0,0.455,"D Horizon Div 2",25,0,22,3
6,0.417,"D Laguna Div 1",2,2,0,0
5,0.417,"D Laguna Div 1",30,29,1,0
4,0.417,"D Laguna Div 1",95,64,15,16
3,0.417,"D Laguna Div 1",190,106,66,18
2,0.417,"D Laguna Div 1",168,56,88,24
1,0.417,"D Laguna Div 1",108,11,74,23
0,0.417,"D Laguna Div 1",33,0,24,9
6,0.414,"D Laguna Div 2",3,3,0,0
5,0.414,"D Laguna Div 2",26,23,2,1
4,0.414,"D Laguna Div 2",101,72,15,14
3,0.414,"D Laguna Div 2",178,99,55,24
2,0.414,"D Laguna Div 2",171,54,97,20
1,0.414,"D Laguna Div 2",113,25,80,8
0,0.414,"D Laguna Div 2",30,0,27,3
6,0.462,"D Magnolia Div 1",8,8,0,0
5,0.462,"D Magnolia Div 1",60,48,5,7
4,0.462,"D Magnolia Div 1",107,82,19,6
3,0.462,"D Magnolia Div 1",186,82,75,29
2,0.462,"D Magnolia Div 1",171,41,101,29
1,0.462,"D Magnolia Div 1",75,12,52,11
0,0.462,"D Magnolia Div 1",25,0,21,4
6,0.463,"D Magnolia Div 2",8,8,0,0
5,0.463,"D Magnolia Div 2",38,34,2,2
4,0.463,"D Magnolia Div 2",111,59,25,27
3,0.463,"D Magnolia Div 2",182,84,65,33
2,0.463,"D Magnolia Div 2",140,40,79,21
1,0.463,"D Magnolia Div 2",70,11,49,10
0,0.463,"D Magnolia Div 2",17,0,16,1
6,0.446,"D Magnolia Div 3",6,6,0,0
5,0.446,"D Magnolia Div 3",33,32,1,0
4,0.446,"D Magnolia Div 3",91,59,24,8
3,0.446,"D Magnolia Div 3",171,85,66,20
2,0.446,"D Magnolia Div 3",122,41,70,11
1,0.446,"D Magnolia Div 3",68,8,46,14
0,0.446,"D Magnolia Div 3",25,0,24,1
6,0.451,"D Maritime Div 1",3,3,0,0
5,0.451,"D Maritime Div 1",38,33,1,4
4,0.451,"D Maritime Div 1",144,103,29,12
3,0.451,"D Maritime Div 1",200,87,69,44
2,0.451,"D Maritime Div 1",148,42,86,20
1,0.451,"D Maritime Div 1",95,12,69,14
0,0.451,"D Maritime Div 1",28,0,26,2
6,0.447,"D Maritime Div 2",6,6,0,0
5,0.447,"D Maritime Div 2",32,27,2,3
4,0.447,"D Maritime Div 2",108,80,13,15
3,0.447,"D Maritime Div 2",149,71,61,17
2,0.447,"D Maritime Div 2",153,39,92,22
1,0.447,"D Maritime Div 2",70,12,47,11
0,0.447,"D Maritime Div 2",22,0,20,2
6,0.482,"D Memorial Div 1",9,9,0,0
5,0.482,"D Memorial Div 1",39,34,2,3
4,0.482,"D Memorial Div 1",165,104,33,28
3,0.482,"D Memorial Div 1",233,99,99,35
2,0.482,"D Memorial Div 1",144,35,87,22
1,0.482,"D Memorial Div 1",84,10,59,15
0,0.482,"D Memorial Div 1",14,0,11,3
6,0.401,"D Memorial Div 2",2,2,0,0
5,0.401,"D Memorial Div 2",19,18,0,1
4,0.401,"D Memorial Div 2",103,79,15,9
3,0.401,"D Memorial Div 2",177,110,49,18
2,0.401,"D Memorial Div 2",221,64,113,44
1,0.401,"D Memorial Div 2",116,14,85,17
0,0.401,"D Memorial Div 2",32,0,25,7
6,0.441,"D Meridian Div 1",4,4,0,0
5,0.441,"D Meridian Div 1",28,26,1,1
4,0.441,"D Meridian Div 1",89,57,16,16
3,0.441,"D Meridian Div 1",144,68,59,17
2,0.441,"D Meridian Div 1",126,47,64,15
1,0.441,"D Meridian Div 1",71,11,49,11
0,0.441,"D Meridian Div 1",24,0,24,0
6,0.444,"D Meridian Div 2",6,6,0,0
5,0.444,"D Meridian Div 2",40,39,1,0
4,0.444,"D Meridian Div 2",97,71,16,10
3,0.444,"D Meridian Div 2",186,94,74,18
2,0.444,"D Meridian Div 2",142,44,81,17
1,0.444,"D Meridian Div 2",89,9,71,9
0,0.444,"D Meridian Div 2",22,0,20,2
6,0.417,"D Metro Div 1",4,4,0,0
5,0.417,"D Metro Div 1",22,22,0,0
4,0.417,"D Metro Div 1",83,63,14,6
3,0.417,"D Metro Div 1",165,80,54,31
2,0.417,"D Metro Div 1",155,60,74,21
1,0.417,"D Metro Div 1",95,7,79,9
0,0.417,"D Metro Div 1",16,0,15,1
6,0.404,"D Metro Div 2",2,2,0,0
5,0.404,"D Metro Div 2",16,15,1,0
4,0.404,"D Metro Div 2",95,64,16,15
3,0.404,"D Metro Div 2",158,81,53,24
2,0.404,"D Metro Div 2",169,61,84,24
1,0.404,"D Metro Div 2",108,13,62,33
0,0.404,"D Metro Div 2",26,0,20,6
6,0.446,"D Midland Div 1",4,4,0,0
5,0.446,"D Midland Div 1",36,28,3,5
4,0.446,"D Midland Div 1",94,73,10,11
3,0.446,"D Midland Div 1",166,79,60,27
2,0.446,"D Midland Div 1",144,35,78,31
1,0.446,"D Midland Div 1",84,9,62,13
0,0.446,"D Midland Div 1",16,0,15,1
6,0.420,"D Midland Div 2",3,3,0,0
5,0.420,"D Midland Div 2",30,28,1,1
4,0.420,"D Midland Div 2",93,64,12,17
3,0.420,"D Midland Div 2",145,70,46,29
2,0.420,"D Midland Div 2",174,57,87,30
1,0.420,"D Midland Div 2",99,11,70,18
0,0.420,"D Midland Div 2",20,0,17,3
6,0.438,"D Morningstar Div 1",4,4,0,0
5,0.438,"D Morningstar Div 1",31,28,3,0
4,0.438,"D Morningstar Div 1",109,86,19,4
3,0.438,"D Morningstar Div 1",153,80,58,15
2,0.438,"D Morningstar Div 1",156,39,93,24
1,0.438,"D Morningstar Div 1",93,14,64,15
0,0.438,"D Morningstar Div 1",18,0,14,4
6,0.492,"D Morningstar Div 2",5,5,0,0
5,0.492,"D Morningstar Div 2",54,48,3,3
4,0.492,"D Morningstar Div 2",118,72,27,19
3,0.492,"D Morningstar Div 2",134,61,61,12
2,0.492,"D Morningstar Div 2",104,27,66,11
1,0.492,"D Morningstar Div 2",47,4,39,4
0,0.492,"D Morningstar Div 2",22,0,21,1
6,0.424,"D Pacific Div 1",5,5,0,0
5,0.424,"D Pacific Div 1",21,19,0,2
4,0.424,"D Pacific Div 1",111,78,18,15
3,0.424,"D Pacific Div 1",167,87,53,27
2,0.424,"D Pacific Div 1",159,49,90,20
1,0.424,"D Pacific Div 1",92,14,65,13
0,0.424,"D Pacific Div 1",29,0,26,3
6,0.457,"D Pacific Div 2",4,4,0,0
5,0.457,"D Pacific Div 2",35,28,4,3
4,0.457,"D Pacific Div 2",96,71,16,9
3,0.457,"D Pacific Div 2",167,78,61,28
2,0.457,"D Pacific Div 2",145,43,85,17
1,0.457,"D Pacific Div 2",68,4,52,12
0,0.457,"D Pacific Div 2",11,0,10,1
6,0.453,"D Piedmont Div 1",4,4,0,0
5,0.453,"D Piedmont Div 1",47,42,0,5
4,0.453,"D Piedmont Div 1",98,64,18,16
3,0.453,"D Piedmont Div 1",168,74,74,20
2,0.453,"D Piedmont Div 1",151,50,81,20
1,0.453,"D Piedmont Div 1",96,12,67,17
0,0.453,"D Piedmont Div 1",8,0,6,2
6,0.457,"D Piedmont Div 2",5,5,0,0
5,0.457,"D Piedmont Div 2",25,22,3,0
4,0.457,"D Piedmont Div 2",115,81,20,14
3,0.457,"D Piedmont Div 2",159,74,62,23
2,0.457,"D Piedmont Div 2",136,44,80,12
1,0.457,"D Piedmont Div 2",77,11,63,3
0,0.457,"D Piedmont Div 2",9,0,9,0
6,0.463,"D Plaza Div 1",3,3,0,0
5,0.463,"D Plaza Div 1",23,22,0,1
4,0.463,"D Plaza Div 1",99,69,20,10
3,0.463,"D Plaza Div 1",122,52,52,18
2,0.463,"D Plaza Div 1",115,32,70,13
1,0.463,"D Plaza Div 1",50,7,33,10
0,0.463,"D Plaza Div 1",10,0,10,0
6,0.438,"D Plaza Div 2",2,2,0,0
5,0.438,"D Plaza Div 2",15,15,0,0
4,0.438,"D Plaza Div 2",86,65,10,11
3,0.438,"D Plaza Div 2",131,57,55,19
2,0.438,"D Plaza Div 2",99,27,61,11
1,0.438,"D Plaza Div 2",58,10,39,9
0,0.438,"D Plaza Div 2",13,0,11,2
6,0.417,"D Seaboard Div 1",1,1,0,0
5,0.417,"D Seaboard Div 1",31,28,0,3
4,0.417,"D Seaboard Div 1",88,59,10,19
3,0.417,"D Seaboard Div 1",175,87,60,28
2,0.417,"D Seaboard Div 1",174,52,90,32
1,0.417,"D Seaboard Div 1",109,19,65,25
0,0.417,"D Seaboard Div 1",22,0,21,1
6,0.402,"D Seaboard Div 2",1,1,0,0
5,0.402,"D Seaboard Div 2",26,26,0,0
4,0.402,"D Seaboard Div 2",78,60,10,8
3,0.402,"D Seaboard Div 2",163,84,57,22
2,0.402,"D Seaboard Div 2",165,50,84,31
1,0.402,"D Seaboard Div 2",103,19,69,15
0,0.402,"D Seaboard Div 2",32,0,20,12
6,0.419,"D Sequoia Div 1",3,3,0,0
5,0.419,"D Sequoia Div 1",26,26,0,0
4,0.419,"D Sequoia Div 1",96,72,9,15
3,0.419,"D Sequoia Div 1",215,99,70,46
2,0.419,"D Sequoia Div 1",188,62,92,34
1,0.419,"D Sequoia Div 1",115,12,87,16
0,0.419,"D Sequoia Div 1",19,0,16,3
6,0.482,"D Sequoia Div 2",12,12,0,0
5,0.482,"D Sequoia Div 2",54,46,6,2
4,0.482,"D Sequoia Div 2",135,98,25,12
3,0.482,"D Sequoia Div 2",203,101,81,21
2,0.482,"D Sequoia Div 2",163,33,114,16
1,0.482,"D Sequoia Div 2",63,8,52,3
0,0.482,"D Sequoia Div 2",20,0,20,0
6,0.465,"D Sierra Div 1",4,4,0,0
5,0.465,"D Sierra Div 1",41,37,4,0
4,0.465,"D Sierra Div 1",119,83,21,15
3,0.465,"D Sierra Div 1",160,66,61,33
2,0.465,"D Sierra Div 1",168,44,96,28
1,0.465,"D Sierra Div 1",65,8,48,9
0,0.465,"D Sierra Div 1",13,0,12,1
6,0.481,"D Sierra Div 2",14,14,0,0
5,0.481,"D Sierra Div 2",48,39,3,6
4,0.481,"D Sierra Div 2",119,75,25,19
3,0.481,"D Sierra Div 2",175,74,69,32
2,0.481,"D Sierra Div 2",149,37,88,24
1,0.481,"D Sierra Div 2",71,8,53,10
0,0.481,"D Sierra Div 2",10,0,9,1
6,0.418,"D Skyline Div 1",2,2,0,0
5,0.418,"D Skyline Div 1",26,22,1,3
4,0.418,"D Skyline Div 1",91,65,16,10
3,0.418,"D Skyline Div 1",201,106,64,31
2,0.418,"D Skyline Div 1",171,62,86,23
1,0.418,"D Skyline Div 1",105,16,82,7
0,0.418,"D Skyline Div 1",26,0,24,2
6,0.386,"D Skyline Div 2",5,3,0,2
5,0.386,"D Skyline Div 2",30,28,0,2
4,0.386,"D Skyline Div 2",80,53,11,16
3,0.386,"D Skyline Div 2",165,84,45,36
2,0.386,"D Skyline Div 2",172,66,67,39
1,0.386,"D Skyline Div 2",104,21,70,13
0,0.386,"D Skyline Div 2",70,0,62,8
6,0.464,"D Sugarloaf Div 1",4,4,0,0
5,0.464,"D Sugarloaf Div 1",51,47,3,1
4,0.464,"D Sugarloaf Div 1",156,113,22,21
3,0.464,"D Sugarloaf Div 1",218,92,96,30
2,0.464,"D Sugarloaf Div 1",193,57,109,27
1,0.464,"D Sugarloaf Div 1",95,8,76,11
0,0.464,"D Sugarloaf Div 1",17,0,15,2
6,0.483,"D Sugarloaf Div 2",8,8,0,0
5,0.483,"D Sugarloaf Div 2",56,48,6,2
4,0.483,"D Sugarloaf Div 2",142,95,28,19
3,0.483,"D Sugarloaf Div 2",198,84,85,29
2,0.483,"D Sugarloaf Div 2",142,34,87,21
1,0.483,"D Sugarloaf Div 2",70,7,54,9
0,0.483,"D Sugarloaf Div 2",18,0,16,2
6,0.416,"D Tundra Div 1",6,6,0,0
5,0.416,"D Tundra Div 1",22,17,3,2
4,0.416,"D Tundra Div 1",103,77,16,10
3,0.416,"D Tundra Div 1",153,74,54,25
2,0.416,"D Tundra Div 1",162,57,79,26
1,0.416,"D Tundra Div 1",108,15,71,22
0,0.416,"D Tundra Div 1",28,0,23,5
6,0.439,"D Tundra Div 2",3,3,0,0
5,0.439,"D Tundra Div 2",37,29,5,3
4,0.439,"D Tundra Div 2",73,49,18,6
3,0.439,"D Tundra Div 2",197,105,67,25
2,0.439,"D Tundra Div 2",129,45,72,12
1,0.439,"D Tundra Div 2",93,12,69,12
0,0.439,"D Tundra Div 2",14,0,12,2
5,0.278,"E Alpine Div 1",5,5,0,0
4,0.278,"E Alpine Div 1",34,33,0,1
3,0.278,"E Alpine Div 1",105,66,23,16
2,0.278,"E Alpine Div 1",169,79,54,36
1,0.278,"E Alpine Div 1",197,49,94,54
0,0.278,"E Alpine Div 1",96,0,61,35
6,0.322,"E Alpine Div 2",2,2,0,0
5,0.322,"E Alpine Div 2",12,12,0,0
4,0.322,"E Alpine Div 2",50,37,6,7
3,0.322,"E Alpine Div 2",132,86,30,16
2,0.322,"E Alpine Div 2",174,85,75,14
1,0.322,"E Alpine Div 2",166,44,98,24
0,0.322,"E Alpine Div 2",72,0,57,15
5,0.328,"E Arcadia Div 1",10,10,0,0
4,0.328,"E Arcadia Div 1",67,55,4,8
3,0.328,"E Arcadia Div 1",138,89,36,13
2,0.328,"E Arcadia Div 1",197,91,85,21
1,0.328,"E Arcadia Div 1",161,35,103,23
0,0.328,"E Arcadia Div 1",71,0,52,19
5,0.282,"E Arcadia Div 2",7,7,0,0
4,0.282,"E Arcadia Div 2",41,36,3,2
3,0.282,"E Arcadia Div 2",116,80,24,12
2,0.282,"E Arcadia Div 2",221,103,69,49
1,0.282,"E Arcadia Div 2",204,49,106,49
0,0.282,"E Arcadia Div 2",113,0,73,40
6,0.307,"E Atlantic Div 1",1,1,0,0
5,0.307,"E Atlantic Div 1",23,19,1,3
4,0.307,"E Atlantic Div 1",40,32,5,3
3,0.307,"E Atlantic Div 1",97,69,13,15
2,0.307,"E Atlantic Div 1",147,64,57,26
1,0.307,"E Atlantic Div 1",154,32,79,43
0,0.307,"E Atlantic Div 1",88,0,62,26
6,0.319,"E Atlantic Div 2",3,3,0,0
5,0.319,"E Atlantic Div 2",8,8,0,0
4,0.319,"E Atlantic Div 2",42,38,4,0
3,0.319,"E Atlantic Div 2",112,67,28,17
2,0.319,"E Atlantic Div 2",175,76,67,32
1,0.319,"E Atlantic Div 2",159,40,88,31
0,0.319,"E Atlantic Div 2",61,0,45,16
6,0.326,"E Badlands Div 1",2,2,0,0
5,0.326,"E Badlands Div 1",7,7,0,0
4,0.326,"E Badlands Div 1",74,64,4,6
3,0.326,"E Badlands Div 1",139,83,37,19
2,0.326,"E Badlands Div 1",203,88,74,41
1,0.326,"E Badlands Div 1",202,40,118,44
0,0.326,"E Badlands Div 1",75,0,51,24
6,0.343,"E Badlands Div 2",1,1,0,0
5,0.343,"E Badlands Div 2",7,7,0,0
4,0.343,"E Badlands Div 2",60,52,3,5
3,0.343,"E Badlands Div 2",154,90,41,23
2,0.343,"E Badlands Div 2",185,80,75,30
1,0.343,"E Badlands Div 2",158,26,98,34
0,0.343,"E Badlands Div 2",53,0,39,14
5,0.287,"E Bayou Div 1",2,2,0,0
4,0.287,"E Bayou Div 1",53,48,3,2
3,0.287,"E Bayou Div 1",110,73,24,13
2,0.287,"E Bayou Div 1",218,97,75,46
1,0.287,"E Bayou Div 1",218,60,108,50
0,0.287,"E Bayou Div 1",101,0,70,31
6,0.306,"E Bayou Div 2",1,1,0,0
5,0.306,"E Bayou Div 2",10,10,0,0
4,0.306,"E Bayou Div 2",41,34,5,2
3,0.306,"E Bayou Div 2",126,77,27,22
2,0.306,"E Bayou Div 2",186,82,71,33
1,0.306,"E Bayou Div 2",183,47,96,40
0,0.306,"E Bayou Div 2",79,0,52,27
6,0.291,"E Cascade Div 1",1,1,0,0
5,0.291,"E Cascade Div 1",5,5,0,0
4,0.291,"E Cascade Div 1",30,27,2,1
3,0.291,"E Cascade Div 1",100,64,19,17
2,0.291,"E Cascade Div 1",163,72,52,39
1,0.291,"E Cascade Div 1",160,38,80,42
0,0.291,"E Cascade Div 1",75,0,54,21
5,0.281,"E Cascade Div 2",3,3,0,0
4,0.281,"E Cascade Div 2",29,28,0,1
3,0.281,"E Cascade Div 2",93,67,19,7
2,0.281,"E Cascade Div 2",167,82,56,29
1,0.281,"E Cascade Div 2",178,39,89,50
0,0.281,"E Cascade Div 2",78,0,55,23
6,0.314,"E Cascade Div 3",2,1,0,1
5,0.314,"E Cascade Div 3",12,11,0,1
4,0.314,"E Cascade Div 3",39,33,4,2
3,0.314,"E Cascade Div 3",101,70,21,10
2,0.314,"E Cascade Div 3",153,69,58,26
1,0.314,"E Cascade Div 3",147,33,87,27
0,0.314,"E Cascade Div 3",68,0,47,21
6,0.407,"E Central Div 1",3,3,0,0
5,0.407,"E Central Div 1",26,24,0,2
4,0.407,"E Central Div 1",93,68,14,11
3,0.407,"E Central Div 1",167,96,51,20
2,0.407,"E Central Div 1",166,46,92,28
1,0.407,"E Central Div 1",116,24,79,13
0,0.407,"E Central Div 1",33,0,25,8
5,0.317,"E Central Div 2",11,11,0,0
4,0.317,"E Central Div 2",59,52,4,3
3,0.317,"E Central Div 2",138,96,25,17
2,0.317,"E Central Div 2",152,60,77,15
1,0.317,"E Central Div 2",175,40,91,44
0,0.317,"E Central Div 2",87,0,62,25
6,0.288,"E Coastal Div 1",1,1,0,0
5,0.288,"E Coastal Div 1",5,4,1,0
4,0.288,"E Coastal Div 1",38,29,3,6
3,0.288,"E Coastal Div 1",89,62,12,15
2,0.288,"E Coastal Div 1",163,71,56,36
1,0.288,"E Coastal Div 1",160,45,77,38
0,0.288,"E Coastal Div 1",82,0,63,19
5,0.331,"E Coastal Div 2",7,7,0,0
4,0.331,"E Coastal Div 2",44,35,4,5
3,0.331,"E Coastal Div 2",127,84,30,13
2,0.331,"E Coastal Div 2",182,70,72,40
1,0.331,"E Coastal Div 2",130,26,73,31
0,0.331,"E Coastal Div 2",58,0,43,15
6,0.314,"E Continental Div 1",1,0,0,1
5,0.314,"E Continental Div 1",16,12,0,4
4,0.314,"E Continental Div 1",57,52,4,1
3,0.314,"E Continental Div 1",136,95,29,12
2,0.314,"E Continental Div 1",195,85,76,34
1,0.314,"E Continental Div 1",182,52,111,19
0,0.314,"E Continental Div 1",95,0,76,19
5,0.324,"E Continental Div 2",16,14,0,2
4,0.324,"E Continental Div 2",53,40,6,7
3,0.324,"E Continental Div 2",149,105,24,20
2,0.324,"E Continental Div 2",229,91,103,35
1,0.324,"E Continental Div 2",167,35,96,36
0,0.324,"E Continental Div 2",84,0,56,28
6,0.325,"E Corridor Div 1",1,1,0,0
5,0.325,"E Corridor Div 1",14,14,0,0
4,0.325,"E Corridor Div 1",42,32,7,3
3,0.325,"E Corridor Div 1",93,69,13,11
2,0.325,"E Corridor Div 1",134,57,62,15
1,0.325,"E Corridor Div 1",133,26,84,23
0,0.325,"E Corridor Div 1",53,0,33,20
5,0.281,"E Corridor Div 2",4,4,0,0
4,0.281,"E Corridor Div 2",26,22,2,2
3,0.281,"E Corridor Div 2",87,54,21,12
2,0.281,"E Corridor Div 2",100,53,34,13
1,0.281,"E Corridor Div 2",151,41,75,35
0,0.281,"E Corridor Div 2",68,0,42,26
5,0.364,"E Fjord Div 1",22,18,3,1
4,0.364,"E Fjord Div 1",61,48,9,4
3,0.364,"E Fjord Div 1",118,72,34,12
2,0.364,"E Fjord Div 1",157,68,64,25
1,0.364,"E Fjord Div 1",129,23,87,19
0,0.364,"E Fjord Div 1",39,0,32,7
6,0.292,"E Fjord Div 2",1,1,0,0
5,0.292,"E Fjord Div 2",7,7,0,0
4,0.292,"E Fjord Div 2",27,20,1,6
3,0.292,"E Fjord Div 2",91,64,17,10
2,0.292,"E Fjord Div 2",137,65,50,22
1,0.292,"E Fjord Div 2",127,34,71,22
0,0.292,"E Fjord Div 2",78,0,52,26
6,0.308,"E Frontier Div 1",1,1,0,0
5,0.308,"E Frontier Div 1",17,17,0,0
4,0.308,"E Frontier Div 1",45,38,3,4
3,0.308,"E Frontier Div 1",116,78,27,11
2,0.308,"E Frontier Div 1",177,83,74,20
1,0.308,"E Frontier Div 1",195,50,109,36
0,0.308,"E Frontier Div 1",83,0,54,29
6,0.325,"E Frontier Div 2",1,1,0,0
5,0.325,"E Frontier Div 2",6,6,0,0
4,0.325,"E Frontier Div 2",69,56,7,6
3,0.325,"E Frontier Div 2",120,71,20,29
2,0.325,"E Frontier Div 2",188,75,77,36
1,0.325,"E Frontier Div 2",151,35,81,35
0,0.325,"E Frontier Div 2",81,0,59,22
5,0.292,"E Highland Div 1",3,3,0,0
4,0.292,"E Highland Div 1",30,23,3,4
3,0.292,"E Highland Div 1",94,62,17,15
2,0.292,"E Highland Div 1",159,76,54,29
1,0.292,"E Highland Div 1",146,39,78,29
0,0.292,"E Highland Div 1",70,0,51,19
6,0.289,"E Highland Div 2",1,1,0,0
5,0.289,"E Highland Div 2",5,4,0,1
4,0.289,"E Highland Div 2",36,32,3,1
3,0.289,"E Highland Div 2",92,67,15,10
2,0.289,"E Highland Div 2",143,65,55,23
1,0.289,"E Highland Div 2",171,42,85,44
0,0.289,"E Highland Div 2",74,0,53,21
6,0.301,"E Horizon Div 1",1,1,0,0
5,0.301,"E Horizon Div 1",6,5,1,0
4,0.301,"E Horizon Div 1",45,40,1,4
3,0.301,"E Horizon Div 1",118,77,29,12
2,0.301,"E Horizon Div 1",198,95,64,39
1,0.301,"E Horizon Div 1",171,42,95,34
0,0.301,"E Horizon Div 1",91,0,70,21
6,0.312,"E Horizon Div 2",1,1,0,0
5,0.312,"E Horizon Div 2",11,11,0,0
4,0.312,"E Horizon Div 2",42,33,3,6
3,0.312,"E Horizon Div 2",151,101,32,18
2,0.312,"E Horizon Div 2",179,80,72,27
1,0.312,"E Horizon Div 2",193,46,106,41
0,0.312,"E Horizon Div 2",77,0,59,18
6,0.320,"E Laguna Div 1",1,1,0,0
5,0.320,"E Laguna Div 1",11,10,0,1
4,0.320,"E Laguna Div 1",50,42,4,4
3,0.320,"E Laguna Div 1",122,84,28,10
2,0.320,"E Laguna Div 1",193,82,73,38
1,0.320,"E Laguna Div 1",162,38,99,25
0,0.320,"E Laguna Div 1",81,0,53,28
5,0.306,"E Laguna Div 2",10,10,0,0
4,0.306,"E Laguna Div 2",44,36,3,5
3,0.306,"E Laguna Div 2",119,71,31,17
2,0.306,"E Laguna Div 2",175,85,64,26
1,0.306,"E Laguna Div 2",184,50,100,34
0,0.306,"E Laguna Div 2",80,0,54,26
6,0.297,"E Magnolia Div 1",1,1,0,0
5,0.297,"E Magnolia Div 1",9,8,0,1
4,0.297,"E Magnolia Div 1",39,33,2,4
3,0.297,"E Magnolia Div 1",138,85,30,23
2,0.297,"E Magnolia Div 1",228,109,73,46
1,0.297,"E Magnolia Div 1",220,48,118,54
0,0.297,"E Magnolia Div 1",85,0,61,24
5,0.323,"E Magnolia Div 2",5,5,0,0
4,0.323,"E Magnolia Div 2",44,42,2,0
3,0.323,"E Magnolia Div 2",154,94,35,25
2,0.323,"E Magnolia Div 2",214,97,81,36
1,0.323,"E Magnolia Div 2",165,35,102,28
0,0.323,"E Magnolia Div 2",68,0,53,15
5,0.307,"E Maritime Div 1",6,6,0,0
4,0.307,"E Maritime Div 1",52,48,4,0
3,0.307,"E Maritime Div 1",117,79,28,10
2,0.307,"E Maritime Div 1",200,85,82,33
1,0.307,"E Maritime Div 1",148,36,74,38
0,0.307,"E Maritime Div 1",95,0,66,29
6,0.322,"E Maritime Div 2",1,1,0,0
5,0.322,"E Maritime Div 2",9,9,0,0
4,0.322,"E Maritime Div 2",46,40,2,4
3,0.322,"E Maritime Div 2",114,67,21,26
2,0.322,"E Maritime Div 2",212,77,69,66
1,0.322,"E Maritime Div 2",162,32,90,40
0,0.322,"E Maritime Div 2",60,0,44,16
6,0.312,"E Memorial Div 1",3,3,0,0
5,0.312,"E Memorial Div 1",12,12,0,0
4,0.312,"E Memorial Div 1",52,41,4,7
3,0.312,"E Memorial Div 1",146,99,35,12
2,0.312,"E Memorial Div 1",203,88,75,40
1,0.312,"E Memorial Div 1",196,43,101,52
0,0.312,"E Memorial Div 1",96,0,71,25
5,0.275,"E Memorial Div 2",11,10,0,1
4,0.275,"E Memorial Div 2",43,39,1,3
3,0.275,"E Memorial Div 2",97,61,16,20
2,0.275,"E Memorial Div 2",224,105,69,50
1,0.275,"E Memorial Div 2",227,62,110,55
0,0.275,"E Memorial Div 2",130,0,81,49
6,0.306,"E Meridian Div 1",1,1,0,0
5,0.306,"E Meridian Div 1",9,7,0,2
4,0.306,"E Meridian Div 1",38,36,2,0
3,0.306,"E Meridian Div 1",109,73,24,12
2,0.306,"E Meridian Div 1",163,74,65,24
1,0.306,"E Meridian Div 1",148,34,78,36
0,0.306,"E Meridian Div 1",80,0,56,24
6,0.330,"E Meridian Div 2",2,2,0,0
5,0.330,"E Meridian Div 2",7,7,0,0
4,0.330,"E Meridian Div 2",57,48,3,6
3,0.330,"E Meridian Div 2",107,64,24,19
2,0.330,"E Meridian Div 2",149,61,62,26
1,0.330,"E Meridian Div 2",144,34,87,23
0,0.330,"E Meridian Div 2",56,0,40,16
5,0.338,"E Metro Div 1",16,16,0,0
4,0.338,"E Metro Div 1",61,49,9,3
3,0.338,"E Metro Div 1",139,87,35,17
2,0.338,"E Metro Div 1",215,81,90,44
1,0.338,"E Metro Div 1",168,30,89,49
0,0.338,"E Metro Div 1",59,0,40,19
6,0.281,"E Metro Div 2",2,2,0,0
5,0.281,"E Metro Div 2",9,8,1,0
4,0.281,"E Metro Div 2",34,30,2,2
3,0.281,"E Metro Div 2",89,58,17,14
2,0.281,"E Metro Div 2",160,73,55,32
1,0.281,"E Metro Div 2",169,46,84,39
0,0.281,"E Metro Div 2",97,0,58,39
6,0.331,"E Midland Div 1",3,3,0,0
5,0.331,"E Midland Div 1",10,9,0,1
4,0.331,"E Midland Div 1",65,55,3,7
3,0.331,"E Midland Div 1",142,84,27,31
2,0.331,"E Midland Div 1",170,69,73,28
1,0.331,"E Midland Div 1",168,35,96,37
0,0.331,"E Midland Div 1",76,0,56,20
6,0.310,"E Midland Div 2",1,1,0,0
5,0.310,"E Midland Div 2",6,6,0,0
4,0.310,"E Midland Div 2",40,35,3,2
3,0.310,"E Midland Div 2",101,69,18,14
2,0.310,"E Midland Div 2",182,84,70,28
1,0.310,"E Midland Div 2",150,34,83,33
0,0.310,"E Midland Div 2",70,0,55,15
5,0.311,"E Morningstar Div 1",10,9,0,1
4,0.311,"E Morningstar Div 1",42,35,3,4
3,0.311,"E Morningstar Div 1",96,63,19,14
2,0.311,"E Morningstar Div 1",173,83,59,31
1,0.311,"E Morningstar Div 1",162,34,92,36
0,0.311,"E Morningstar Div 1",67,0,51,16
5,0.335,"E Morningstar Div 2",15,15,0,0
4,0.335,"E Morningstar Div 2",48,40,8,0
3,0.335,"E Morningstar Div 2",129,82,33,14
2,0.335,"E Morningstar Div 2",138,54,61,23
1,0.335,"E Morningstar Div 2",130,29,75,26
0,0.335,"E Morningstar Div 2",62,0,43,19
5,0.294,"E Pacific Div 1",6,6,0,0
4,0.294,"E Pacific Div 1",35,29,2,4
3,0.294,"E Pacific Div 1",103,73,16,14
2,0.294,"E Pacific Div 1",176,78,65,33
1,0.294,"E Pacific Div 1",182,39,99,44
0,0.294,"E Pacific Div 1",68,0,43,25
5,0.315,"E Pacific Div 2",7,7,0,0
4,0.315,"E Pacific Div 2",48,42,6,0
3,0.315,"E Pacific Div 2",123,85,21,17
2,0.315,"E Pacific Div 2",185,90,69,26
1,0.315,"E Pacific Div 2",160,30,103,27
0,0.315,"E Pacific Div 2",71,0,55,16
5,0.335,"E Piedmont Div 1",13,13,0,0
4,0.335,"E Piedmont Div 1",59,50,5,4
3,0.335,"E Piedmont Div 1",135,95,23,17
2,0.335,"E Piedmont Div 1",222,78,102,42
1,0.335,"E Piedmont Div 1",180,43,106,31
0,0.335,"E Piedmont Div 1",53,0,43,10
6,0.298,"E Piedmont Div 2",2,2,0,0
5,0.298,"E Piedmont Div 2",7,5,1,1
4,0.298,"E Piedmont Div 2",45,33,3,9
3,0.298,"E Piedmont Div 2",99,73,11,15
2,0.298,"E Piedmont Div 2",190,91,58,41
1,0.298,"E Piedmont Div 2",178,38,104,36
0,0.298,"E Piedmont Div 2",87,0,65,22
6,0.322,"E Plaza",4,4,0,0
5,0.322,"E Plaza",7,5,2,0
4,0.322,"E Plaza",43,35,3,5
3,0.322,"E Plaza",130,81,29,20
2,0.322,"E Plaza",191,85,71,35
1,0.322,"E Plaza",140,36,73,31
0,0.322,"E Plaza",89,0,68,21
6,0.320,"E Seaboard Div 1",1,1,0,0
5,0.320,"E Seaboard Div 1",13,11,0,2
4,0.320,"E Seaboard Div 1",58,49,4,5
3,0.320,"E Seaboard Div 1",137,79,33,25
2,0.320,"E Seaboard Div 1",217,96,83,38
1,0.320,"E Seaboard Div 1",188,37,97,54
0,0.320,"E Seaboard Div 1",76,0,56,20
6,0.308,"E Seaboard Div 2",1,1,0,0
5,0.308,"E Seaboard Div 2",6,6,0,0
4,0.308,"E Seaboard Div 2",41,36,2,3
3,0.308,"E Seaboard Div 2",149,109,24,16
2,0.308,"E Seaboard Div 2",196,78,84,34
1,0.308,"E Seaboard Div 2",186,37,108,41
0,0.308,"E Seaboard Div 2",79,0,49,30
6,0.317,"E Sequoia Div 1",1,1,0,0
5,0.317,"E Sequoia Div 1",16,16,0,0
4,0.317,"E Sequoia Div 1",51,43,5,3
3,0.317,"E Sequoia Div 1",169,105,35,29
2,0.317,"E Sequoia Div 1",242,97,87,58
1,0.317,"E Sequoia Div 1",181,36,94,51
0,0.317,"E Sequoia Div 1",104,0,77,27
5,0.305,"E Sequoia Div 2",15,13,1,1
4,0.305,"E Sequoia Div 2",55,49,3,3
3,0.305,"E Sequoia Div 2",148,99,32,17
2,0.305,"E Sequoia Div 2",226,101,92,33
1,0.305,"E Sequoia Div 2",232,53,124,55
0,0.305,"E Sequoia Div 2",98,0,63,35
5,0.318,"E Sierra Div 1",6,6,0,0
4,0.318,"E Sierra Div 1",27,21,3,3
3,0.318,"E Sierra Div 1",99,64,21,14
2,0.318,"E Sierra Div 1",150,64,47,39
1,0.318,"E Sierra Div 1",120,28,77,15
0,0.318,"E Sierra Div 1",46,0,35,11
5,0.328,"E Sierra Div 2",4,4,0,0
4,0.328,"E Sierra Div 2",37,34,1,2
3,0.328,"E Sierra Div 2",101,66,19,16
2,0.328,"E Sierra Div 2",163,61,68,34
1,0.328,"E Sierra Div 2",118,23,67,28
0,0.328,"E Sierra Div 2",43,0,33,10
6,0.285,"E Skyline Div 1",1,1,0,0
5,0.285,"E Skyline Div 1",4,4,0,0
4,0.285,"E Skyline Div 1",44,40,2,2
3,0.285,"E Skyline Div 1",128,80,27,21
2,0.285,"E Skyline Div 1",222,101,74,47
1,0.285,"E Skyline Div 1",227,62,110,55
0,0.285,"E Skyline Div 1",116,0,75,41
6,0.296,"E Skyline Div 2",1,1,0,0
5,0.296,"E Skyline Div 2",6,6,0,0
4,0.296,"E Skyline Div 2",40,33,3,4
3,0.296,"E Skyline Div 2",113,78,21,14
2,0.296,"E Skyline Div 2",191,89,78,24
1,0.296,"E Skyline Div 2",190,47,94,49
0,0.296,"E Skyline Div 2",87,0,58,29
6,0.354,"E Sugarloaf Div 1",3,1,0,2
5,0.354,"E Sugarloaf Div 1",28,27,0,1
4,0.354,"E Sugarloaf Div 1",74,58,7,9
3,0.354,"E Sugarloaf Div 1",140,79,44,17
2,0.354,"E Sugarloaf Div 1",198,79,82,37
1,0.354,"E Sugarloaf Div 1",154,28,93,33
0,0.354,"E Sugarloaf Div 1",75,0,46,29
5,0.311,"E Sugarloaf Div 2",8,6,2,0
4,0.311,"E Sugarloaf Div 2",49,43,1,5
3,0.311,"E Sugarloaf Div 2",164,107,39,18
2,0.311,"E Sugarloaf Div 2",186,96,67,23
1,0.311,"E Sugarloaf Div 2",192,38,119,35
0,0.311,"E Sugarloaf Div 2",91,0,62,29
6,0.290,"E Tundra Div 1",1,1,0,0
5,0.290,"E Tundra Div 1",5,5,0,0
4,0.290,"E Tundra Div 1",36,34,2,0
3,0.290,"E Tundra Div 1",114,82,22,10
2,0.290,"E Tundra Div 1",189,80,76,33
1,0.290,"E Tundra Div 1",175,52,93,30
0,0.290,"E Tundra Div 1",96,0,61,35
6,0.344,"E Tundra Div 2",1,1,0,0
5,0.344,"E Tundra Div 2",15,13,0,2
4,0.344,"E Tundra Div 2",51,40,8,3
3,0.344,"E Tundra Div 2",122,74,35,13
2,0.344,"E Tundra Div 2",158,70,70,18
1,0.344,"E Tundra Div 2",125,31,74,20
0,0.344,"E Tundra Div 2",54,0,42,12
6,0.394,"R Alpine Div 1",7,7,0,0
5,0.394,"R Alpine Div 1",20,17,0,3
4,0.394,"R Alpine Div 1",91,67,14,10
3,0.394,"R Alpine Div 1",113,60,36,17
2,0.394,"R Alpine Div 1",119,48,54,17
1,0.394,"R Alpine Div 1",82,16,57,9
0,0.394,"R Alpine Div 1",58,0,54,4
6,0.450,"R Alpine Div 2",17,15,0,2
5,0.450,"R Alpine Div 2",53,44,3,6
4,0.450,"R Alpine Div 2",85,58,17,10
3,0.450,"R Alpine Div 2",122,59,48,15
2,0.450,"R Alpine Div 2",134,41,75,18
1,0.450,"R Alpine Div 2",97,14,68,15
0,0.450,"R Alpine Div 2",26,0,20,6
6,0.466,"R Arcadia Div 1",15,14,0,1
5,0.466,"R Arcadia Div 1",70,53,6,11
4,0.466,"R Arcadia Div 1",126,89,26,11
3,0.466,"R Arcadia Div 1",159,68,60,31
2,0.466,"R Arcadia Div 1",129,35,75,19
1,0.466,"R Arcadia Div 1",92,14,70,8
0,0.466,"R Arcadia Div 1",43,0,36,7
6,0.456,"R Arcadia Div 2",5,5,0,0
5,0.456,"R Arcadia Div 2",54,45,4,5
4,0.456,"R Arcadia Div 2",128,79,30,19
3,0.456,"R Arcadia Div 2",137,67,53,17
2,0.456,"R Arcadia Div 2",123,37,75,11
1,0.456,"R Arcadia Div 2",74,12,51,11
0,0.456,"R Arcadia Div 2",43,0,32,11
6,0.456,"R Atlantic",19,17,0,2
5,0.456,"R Atlantic",51,46,5,0
4,0.456,"R Atlantic",116,78,25,13
3,0.456,"R Atlantic",158,66,72,20
2,0.456,"R Atlantic",143,47,74,22
1,0.456,"R Atlantic",95,13,64,18
0,0.456,"R Atlantic",32,0,27,5
6,0.459,"R Badlands Div 1",7,7,0,0
5,0.459,"R Badlands Div 1",23,18,3,2
4,0.459,"R Badlands Div 1",101,67,19,15
3,0.459,"R Badlands Div 1",106,43,37,26
2,0.459,"R Badlands Div 1",127,37,73,17
1,0.459,"R Badlands Div 1",50,10,36,4
0,0.459,"R Badlands Div 1",14,0,14,0
6,0.383,"R Badlands Div 2",1,1,0,0
5,0.383,"R Badlands Div 2",22,20,0,2
4,0.383,"R Badlands Div 2",70,49,10,11
3,0.383,"R Badlands Div 2",90,54,25,11
2,0.383,"R Badlands Div 2",106,38,53,15
1,0.383,"R Badlands Div 2",89,16,56,17
0,0.383,"R Badlands Div 2",42,0,34,8
6,0.396,"R Bayou",4,4,0,0
5,0.396,"R Bayou",36,34,1,1
4,0.396,"R Bayou",130,98,21,11
3,0.396,"R Bayou",174,95,53,26
2,0.396,"R Bayou",185,61,100,24
1,0.396,"R Bayou",135,26,94,15
0,0.396,"R Bayou",64,0,49,15
6,0.464,"R Cascade Div 1",15,15,0,0
5,0.464,"R Cascade Div 1",57,45,7,5
4,0.464,"R Cascade Div 1",115,74,29,12
3,0.464,"R Cascade Div 1",125,55,49,21
2,0.464,"R Cascade Div 1",119,37,60,22
1,0.464,"R Cascade Div 1",86,9,65,12
0,0.464,"R Cascade Div 1",29,0,25,4
6,0.345,"R Cascade Div 2",3,3,0,0
5,0.345,"R Cascade Div 2",11,10,0,1
4,0.345,"R Cascade Div 2",48,39,4,5
3,0.345,"R Cascade Div 2",105,64,27,14
2,0.345,"R Cascade Div 2",143,66,53,24
1,0.345,"R Cascade Div 2",113,16,74,23
0,0.345,"R Cascade Div 2",51,0,40,11
6,0.479,"R Central Div 1",8,8,0,0
5,0.479,"R Central Div 1",51,43,5,3
4,0.479,"R Central Div 1",89,51,26,12
3,0.479,"R Central Div 1",110,58,37,15
2,0.479,"R Central Div 1",88,24,59,5
1,0.479,"R Central Div 1",57,8,42,7
0,0.479,"R Central Div 1",23,0,23,0
6,0.464,"R Central Div 2",1,1,0,0
5,0.464,"R Central Div 2",29,26,3,0
4,0.464,"R Central Div 2",70,51,11,8
3,0.464,"R Central Div 2",87,38,37,12
2,0.464,"R Central Div 2",86,22,52,12
1,0.464,"R Central Div 2",44,7,31,6
0,0.464,"R Central Div 2",13,0,11,2
6,0.456,"R Coastal",16,15,0,1
5,0.456,"R Coastal",78,66,7,5
4,0.456,"R Coastal",133,86,26,21
3,0.456,"R Coastal",146,70,54,22
2,0.456,"R Coastal",161,47,89,25
1,0.456,"R Coastal",104,14,78,12
0,0.456,"R Coastal",48,0,44,4
6,0.442,"R Continental",23,21,0,2
5,0.442,"R Continental",76,66,5,5
4,0.442,"R Continental",115,80,23,12
3,0.442,"R Continental",186,91,73,22
2,0.442,"R Continental",170,61,92,17
1,0.442,"R Continental",132,22,94,16
0,0.442,"R Continental",58,0,54,4
6,0.340,"R Corridor Div 1",2,2,0,0
5,0.340,"R Corridor Div 1",16,14,2,0
4,0.340,"R Corridor Div 1",45,36,7,2
3,0.340,"R Corridor Div 1",98,69,25,4
2,0.340,"R Corridor Div 1",109,51,45,13
1,0.340,"R Corridor Div 1",110,22,71,17
0,0.340,"R Corridor Div 1",56,0,44,12
6,0.423,"R Corridor Div 2",8,8,0,0
5,0.423,"R Corridor Div 2",28,25,1,2
4,0.423,"R Corridor Div 2",56,44,9,3
3,0.423,"R Corridor Div 2",92,48,32,12
2,0.423,"R Corridor Div 2",94,36,48,10
1,0.423,"R Corridor Div 2",66,7,51,8
0,0.423,"R Corridor Div 2",30,0,27,3
6,0.398,"R Fjord",5,5,0,0
5,0.398,"R Fjord",26,25,1,0
4,0.398,"R Fjord",94,67,19,8
3,0.398,"R Fjord",144,74,47,23
2,0.398,"R Fjord",142,56,67,19
1,0.398,"R Fjord",115,20,74,21
0,0.398,"R Fjord",50,0,39,11
6,0.383,"R Frontier",7,7,0,0
5,0.383,"R Frontier",40,38,1,1
4,0.383,"R Frontier",82,60,16,6
3,0.383,"R Frontier",132,76,40,16
2,0.383,"R Frontier",148,59,69,20
1,0.383,"R Frontier",141,31,89,21
0,0.383,"R Frontier",62,0,56,6
6,0.425,"R Highland Div 1",7,7,0,0
5,0.425,"R Highland Div 1",39,30,5,4
4,0.425,"R Highland Div 1",79,59,12,8
3,0.425,"R Highland Div 1",76,37,28,11
2,0.425,"R Highland Div 1",90,31,43,16
1,0.425,"R Highland Div 1",84,11,58,15
0,0.425,"R Highland Div 1",39,0,29,10
6,0.305,"R Highland Div 2",1,1,0,0
5,0.305,"R Highland Div 2",12,12,0,0
4,0.305,"R Highland Div 2",31,27,3,1
3,0.305,"R Highland Div 2",78,48,15,15
2,0.305,"R Highland Div 2",115,49,43,23
1,0.305,"R Highland Div 2",115,34,58,23
0,0.305,"R Highland Div 2",70,0,52,18
6,0.354,"R Horizon Div 1",1,1,0,0
5,0.354,"R Horizon Div 1",16,16,0,0
4,0.354,"R Horizon Div 1",52,45,5,2
3,0.354,"R Horizon Div 1",110,57,35,18
2,0.354,"R Horizon Div 1",116,50,47,19
1,0.354,"R Horizon Div 1",90,19,59,12
0,0.354,"R Horizon Div 1",55,0,42,13
6,0.432,"R Horizon Div 2",19,15,0,4
5,0.432,"R Horizon Div 2",43,29,3,11
4,0.432,"R Horizon Div 2",56,44,10,2
3,0.432,"R Horizon Div 2",83,51,27,5
2,0.432,"R Horizon Div 2",92,28,50,14
1,0.432,"R Horizon Div 2",88,9,63,16
0,0.432,"R Horizon Div 2",31,0,23,8
6,0.370,"R Laguna Div 1",2,2,0,0
5,0.370,"R Laguna Div 1",21,19,0,2
4,0.370,"R Laguna Div 1",70,56,5,9
3,0.370,"R Laguna Div 1",137,75,46,16
2,0.370,"R Laguna Div 1",163,63,69,31
1,0.370,"R Laguna Div 1",117,20,71,26
0,0.370,"R Laguna Div 1",52,0,44,8
6,0.452,"R Laguna Div 2",19,15,0,4
5,0.452,"R Laguna Div 2",35,31,3,1
4,0.452,"R Laguna Div 2",101,68,17,16
3,0.452,"R Laguna Div 2",146,65,53,28
2,0.452,"R Laguna Div 2",136,40,73,23
1,0.452,"R Laguna Div 2",77,8,58,11
0,0.452,"R Laguna Div 2",28,0,23,5
6,0.484,"R Magnolia Div 1",24,24,0,0
5,0.484,"R Magnolia Div 1",81,63,13,5
4,0.484,"R Magnolia Div 1",110,71,30,9
3,0.484,"R Magnolia Div 1",134,62,57,15
2,0.484,"R Magnolia Div 1",133,33,79,21
1,0.484,"R Magnolia Div 1",64,12,45,7
0,0.484,"R Magnolia Div 1",44,0,41,3
6,0.381,"R Magnolia Div 2",7,7,0,0
5,0.381,"R Magnolia Div 2",32,28,1,3
4,0.381,"R Magnolia Div 2",84,65,14,5
3,0.381,"R Magnolia Div 2",113,64,35,14
2,0.381,"R Magnolia Div 2",169,62,84,23
1,0.381,"R Magnolia Div 2",119,20,68,31
0,0.381,"R Magnolia Div 2",56,0,44,12
6,0.457,"R Maritime",22,17,0,5
5,0.457,"R Maritime",64,50,5,9
4,0.457,"R Maritime",135,96,30,9
3,0.457,"R Maritime",161,76,59,26
2,0.457,"R Maritime",174,60,95,19
1,0.457,"R Maritime",110,11,86,13
0,0.457,"R Maritime",42,0,35,7
6,0.422,"R Memorial Div 1",16,15,0,1
5,0.422,"R Memorial Div 1",54,46,4,4
4,0.422,"R Memorial Div 1",104,73,19,12
3,0.422,"R Memorial Div 1",129,67,45,17
2,0.422,"R Memorial Div 1",152,51,76,25
1,0.422,"R Memorial Div 1",111,21,76,14
0,0.422,"R Memorial Div 1",60,0,53,7
6,0.380,"R Memorial Div 2",2,2,0,0
5,0.380,"R Memorial Div 2",21,17,3,1
4,0.380,"R Memorial Div 2",71,62,4,5
3,0.380,"R Memorial Div 2",138,76,44,18
2,0.380,"R Memorial Div 2",147,57,77,13
1,0.380,"R Memorial Div 2",106,19,67,20
0,0.380,"R Memorial Div 2",47,0,38,9
6,0.384,"R Meridian Div 1",4,4,0,0
5,0.384,"R Meridian Div 1",23,20,0,3
4,0.384,"R Meridian Div 1",69,56,10,3
3,0.384,"R Meridian Div 1",128,74,40,14
2,0.384,"R Meridian Div 1",137,51,67,19
1,0.384,"R Meridian Div 1",92,10,62,20
0,0.384,"R Meridian Div 1",51,0,36,15
6,0.462,"R Meridian Div 2",10,9,0,1
5,0.462,"R Meridian Div 2",44,32,4,8
4,0.462,"R Meridian Div 2",83,60,12,11
3,0.462,"R Meridian Div 2",130,55,55,20
2,0.462,"R Meridian Div 2",97,27,51,19
1,0.462,"R Meridian Div 2",75,6,53,16
0,0.462,"R Meridian Div 2",19,0,14,5
6,0.385,"R Metro Div 1",5,5,0,0
5,0.385,"R Metro Div 1",36,32,4,0
4,0.385,"R Metro Div 1",68,50,11,7
3,0.385,"R Metro Div 1",97,52,31,14
2,0.385,"R Metro Div 1",97,39,46,12
1,0.385,"R Metro Div 1",113,27,72,14
0,0.385,"R Metro Div 1",52,0,41,11
6,0.382,"R Metro Div 2",7,7,0,0
5,0.382,"R Metro Div 2",29,27,1,1
4,0.382,"R Metro Div 2",65,50,13,2
3,0.382,"R Metro Div 2",103,48,33,22
2,0.382,"R Metro Div 2",103,42,45,16
1,0.382,"R Metro Div 2",86,14,52,20
0,0.382,"R Metro Div 2",65,0,44,21
6,0.365,"R Midland Div 1",5,5,0,0
5,0.365,"R Midland Div 1",25,24,1,0
4,0.365,"R Midland Div 1",41,28,8,5
3,0.365,"R Midland Div 1",88,48,25,15
2,0.365,"R Midland Div 1",120,42,45,33
1,0.365,"R Midland Div 1",78,12,50,16
0,0.365,"R Midland Div 1",45,0,30,15
6,0.379,"R Midland Div 2",4,4,0,0
5,0.379,"R Midland Div 2",19,17,1,1
4,0.379,"R Midland Div 2",33,25,6,2
3,0.379,"R Midland Div 2",92,57,22,13
2,0.379,"R Midland Div 2",109,38,50,21
1,0.379,"R Midland Div 2",70,12,49,9
0,0.379,"R Midland Div 2",29,0,25,4
6,0.423,"R Morningstar Div 1",9,9,0,0
5,0.423,"R Morningstar Div 1",39,31,3,5
4,0.423,"R Morningstar Div 1",80,58,18,4
3,0.423,"R Morningstar Div 1",117,62,46,9
2,0.423,"R Morningstar Div 1",124,47,63,14
1,0.423,"R Morningstar Div 1",107,17,68,22
0,0.423,"R Morningstar Div 1",28,0,26,2
6,0.351,"R Morningstar Div 2",12,10,0,2
5,0.351,"R Morningstar Div 2",23,22,1,0
4,0.351,"R Morningstar Div 2",40,36,4,0
3,0.351,"R Morningstar Div 2",83,56,23,4
2,0.351,"R Morningstar Div 2",113,42,59,12
1,0.351,"R Morningstar Div 2",111,29,59,23
0,0.351,"R Morningstar Div 2",66,0,49,17
5,0.337,"R Pacific Div 1",10,9,1,0
4,0.337,"R Pacific Div 1",36,30,2,4
3,0.337,"R Pacific Div 1",76,48,20,8
2,0.337,"R Pacific Div 1",115,43,43,29
1,0.337,"R Pacific Div 1",76,16,45,15
0,0.337,"R Pacific Div 1",45,0,35,10
6,0.385,"R Pacific Div 2",3,3,0,0
5,0.385,"R Pacific Div 2",15,15,0,0
4,0.385,"R Pacific Div 2",52,35,9,8
3,0.385,"R Pacific Div 2",75,40,20,15
2,0.385,"R Pacific Div 2",80,28,36,16
1,0.385,"R Pacific Div 2",55,13,35,7
0,0.385,"R Pacific Div 2",40,0,34,6
6,0.393,"R Piedmont",9,9,0,0
5,0.393,"R Piedmont",38,37,1,0
4,0.393,"R Piedmont",99,73,17,9
3,0.393,"R Piedmont",142,87,41,14
2,0.393,"R Piedmont",134,41,76,17
1,0.393,"R Piedmont",131,21,85,25
0,0.393,"R Piedmont",65,0,48,17
6,0.384,"R Plaza",3,3,0,0
5,0.384,"R Plaza",33,32,1,0
4,0.384,"R Plaza",65,50,10,5
3,0.384,"R Plaza",103,53,32,18
2,0.384,"R Plaza",130,52,67,11
1,0.384,"R Plaza",91,13,60,18
0,0.384,"R Plaza",45,0,33,12
6,0.364,"R Seaboard Div 1",3,3,0,0
5,0.364,"R Seaboard Div 1",19,19,0,0
4,0.364,"R Seaboard Div 1",48,34,9,5
3,0.364,"R Seaboard Div 1",112,69,24,19
2,0.364,"R Seaboard Div 1",118,39,64,15
1,0.364,"R Seaboard Div 1",90,23,50,17
0,0.364,"R Seaboard Div 1",54,0,40,14
6,0.381,"R Seaboard Div 2",8,8,0,0
5,0.381,"R Seaboard Div 2",21,20,1,0
4,0.381,"R Seaboard Div 2",60,47,10,3
3,0.381,"R Seaboard Div 2",109,56,38,15
2,0.381,"R Seaboard Div 2",119,46,53,20
1,0.381,"R Seaboard Div 2",123,28,77,18
0,0.381,"R Seaboard Div 2",34,0,26,8
6,0.400,"R Sequoia Div 1",6,6,0,0
5,0.400,"R Sequoia Div 1",29,28,1,0
4,0.400,"R Sequoia Div 1",74,49,19,6
3,0.400,"R Sequoia Div 1",135,73,34,28
2,0.400,"R Sequoia Div 1",130,46,62,22
1,0.400,"R Sequoia Div 1",102,20,68,14
0,0.400,"R Sequoia Div 1",44,0,38,6
6,0.371,"R Sequoia Div 2",4,4,0,0
5,0.371,"R Sequoia Div 2",14,11,3,0
4,0.371,"R Sequoia Div 2",78,61,8,9
3,0.371,"R Sequoia Div 2",103,59,28,16
2,0.371,"R Sequoia Div 2",115,49,49,17
1,0.371,"R Sequoia Div 2",94,16,65,13
0,0.371,"R Sequoia Div 2",58,0,47,11
6,0.475,"R Sierra",28,23,0,5
5,0.475,"R Sierra",66,47,9,10
4,0.475,"R Sierra",119,81,29,9
3,0.475,"R Sierra",126,62,48,16
2,0.475,"R Sierra",135,43,74,18
1,0.475,"R Sierra",108,13,86,9
0,0.475,"R Sierra",26,0,23,3
6,0.456,"R Skyline Div 1",10,7,0,3
5,0.456,"R Skyline Div 1",38,31,1,6
4,0.456,"R Skyline Div 1",96,73,14,9
3,0.456,"R Skyline Div 1",159,69,59,31
2,0.456,"R Skyline Div 1",120,33,69,18
1,0.456,"R Skyline Div 1",77,10,62,5
0,0.456,"R Skyline Div 1",22,0,18,4
5,0.362,"R Skyline Div 2",21,18,1,2
4,0.362,"R Skyline Div 2",54,43,6,5
3,0.362,"R Skyline Div 2",88,54,20,14
2,0.362,"R Skyline Div 2",122,53,55,14
1,0.362,"R Skyline Div 2",109,20,76,13
0,0.362,"R Skyline Div 2",36,0,30,6
6,0.416,"R Sugarloaf Div 1",11,9,0,2
5,0.416,"R Sugarloaf Div 1",39,34,3,2
4,0.416,"R Sugarloaf Div 1",70,51,9,10
3,0.416,"R Sugarloaf Div 1",97,47,38,12
2,0.416,"R Sugarloaf Div 1",97,41,49,7
1,0.416,"R Sugarloaf Div 1",100,19,69,12
0,0.416,"R Sugarloaf Div 1",38,0,33,5
6,0.419,"R Sugarloaf Div 2",3,3,0,0
5,0.419,"R Sugarloaf Div 2",33,29,2,2
4,0.419,"R Sugarloaf Div 2",82,65,10,7
3,0.419,"R Sugarloaf Div 2",163,81,59,23
2,0.419,"R Sugarloaf Div 2",127,47,65,15
1,0.419,"R Sugarloaf Div 2",77,11,57,9
0,0.419,"R Sugarloaf Div 2",47,0,43,4
6,0.399,"R Tundra",8,8,0,0
5,0.399,"R Tundra",50,44,2,4
4,0.399,"R Tundra",94,58,21,15
3,0.399,"R Tundra",118,64,40,14
2,0.399,"R Tundra",115,45,52,18
1,0.399,"R Tundra",119,30,75,14
0,0.399,"R Tundra",68,0,59,9
